# delete all the data from every table
DELETE FROM Ratings;
DELETE FROM Episode_Judges;
DELETE FROM Episode_list;
DELETE FROM Episodes;
DELETE FROM Cooks_in_Recipe;
DELETE FROM Cooks;
DELETE FROM Recipe_misc;
DELETE FROM Theme;
DELETE FROM Categories;
DELETE FROM Ingredient_Belongs_in_Group;
DELETE FROM Ingredient_group;
DELETE FROM Ingredients_in_Recipes;
DELETE FROM Equipment_in_Recipes;
DELETE FROM Equipment;
DELETE FROM Meal_Types_of_Recipes;
DELETE FROM Meal_Type;
DELETE FROM Recipe_Nutrition_per_Portion;
DELETE FROM Recipe_Steps;
DELETE FROM Recipe_Tags;
DELETE FROM Recipe;
DELETE FROM Ingredients;
DELETE FROM Users;


# create Users records
INSERT INTO Users(user_id, username, _password, _role) VALUES(1, 'john_smith', 'abc123', 0)
,(2, 'sarah_jones', 'qwerty', 0)
,(3, 'mike_doe', 'passpass', 0)
,(4, 'emily_87', 'letmein', 0)
,(5, 'chris22', 'secret123', 0)
,(6, 'jenny_c', 'p@ssw0rd', 0)
,(7, 'david_m', 'abcdef', 0)
,(8, 'lisa_sm', 123456, 0)
,(9, 'jason_brown', 'password', 0)
,(10, 'amy_w', 'iloveyou', 0)
,(11, 'steve88', 'soccer123', 0)
,(12, 'rachel_89', 'welcome1', 0)
,(13, 'brian_j', 'sunshine', 0)
,(14, 'laura_m', 'monkey', 0)
,(15, 'sam_w', 'cheese', 0)
,(16, 'linda_h', 'dragon', 0)
,(17, 'eric_s', 'baseball', 0)
,(18, 'tina_b', 'football', 0)
,(19, 'kevin_96', 'hockey', 0)
,(20, 'julie_k', 'basketball', 0)
,(21, 'andrew_m', 'golf', 0)
,(22, 'karen_d', 'tennis', 0)
,(23, 'daniel_22', 'volleyball', 0)
,(24, 'lindsay_g', 'swimming', 0)
,(25, 'tim_w', 'running', 0)
,(26, 'natalie_p', 'hiking', 0)
,(27, 'patrick_c', 'camping', 0)
,(28, 'michelle_l', 'fishing', 0)
,(29, 'jacob_s', 'cycling', 0)
,(30, 'katie_r', 'skiing', 0)
,(31, 'mark_d', 'surfing', 0)
,(32, 'donna_f', 'skating', 0)
,(33, 'andy_m', 'snowboarding', 0)
,(34, 'carol_b', 'sledding', 0)
,(35, 'justin_t', 'hiking', 0)
,(36, 'hannah_w', 'jogging', 0)
,(37, 'bradley_s', 'camping', 0)
,(38, 'olivia_j', 'fishing', 0)
,(39, 'ethan_k', 'cycling', 0)
,(40, 'megan_p', 'skiing', 0)
,(41, 'ryan_d', 'surfing', 0)
,(42, 'jessica_h', 'skating', 0)
,(43, 'austin_g', 'snowboarding', 0)
,(44, 'brittany_m', 'sledding', 0)
,(45, 'joshua_r', 'swimming', 0)
,(46, 'vanessa_l', 'running', 0)
,(47, 'dylan_c', 'hiking', 0)
,(48, 'ashley_b', 'camping', 1)
,(49, 'matthew_s', 'fishing', 1)
,(50, 'lauren_w', 'cycling', 1)
,(51, 'user1', 'pass1', 0)
,(52, 'user2', 'pass2', 0)
,(53, 'user3', 'pass3', 0)
,(54, 'user4', 'pass4', 0)
,(55, 'user5', 'pass5', 0)
,(56, 'user6', 'pass6', 0)
,(57, 'user7', 'pass7', 0)
,(58, 'user8', 'pass8', 0)
,(59, 'user9', 'pass9', 0)
,(60, 'user10', 'pass10', 0);

# create ingredients records
INSERT INTO ingredients(ing_id, ing_name, fat_per_100_gr_or_ml, protein_per_100_gr_or_ml, carbohydrates_per_100_gr_or_ml, calories_per_100_gr_or_ml) VALUES(1, 'Spaghetti pasta', 1.00, 13.00, 74.00, 371.00)
,(2, 'Ground beef', 27.00, 20.00, 0.00, 250.00)
,(3, 'Onion', 0.10, 1.10, 9.30, 40.00)
,(4, 'Garlic', 0.50, 6.00, 33.00, 149.00)
,(5, 'Carrot', 0.24, 0.93, 9.58, 41.00)
,(6, 'Celery', 0.20, 0.70, 2.97, 14.00)
,(7, 'Tomato paste', 0.50, 4.30, 17.50, 82.00)
,(8, 'Canned tomatoes', 0.20, 1.00, 3.90, 21.00)
,(9, 'Red wine', 0.00, 0.10, 2.60, 83.00)
,(10, 'Beef or chicken broth', 1.10, 1.60, 0.60, 12.00)
,(11, 'Bay leaves', 8.36, 7.61, 74.97, 313.00)
,(12, 'Dried oregano', 4.28, 9.00, 68.92, 265.00)
,(13, 'Dried basil', 4.80, 14.40, 48.40, 251.00)
,(14, 'Salt', 0.00, 0.00, 0.00, 0.00)
,(15, 'Pepper', 3.30, 10.40, 64.80, 251.00)
,(16, 'Olive oil', 100.00, 0.00, 0.00, 900.00)
,(17, 'Parmesan cheese', 29.00, 38.00, 3.20, 431.00)
,(18, 'Semi-sweet chocolate', 31.30, 4.60, 59.40, 530.00)
,(19, 'Unsalted butter', 81.11, 0.85, 0.06, 717.00)
,(20, 'Eggs', 10.00, 13.00, 1.10, 155.00)
,(21, 'Granulated sugar', 0.00, 0.00, 100.00, 387.00)
,(22, 'Heavy cream', 34.00, 2.80, 2.10, 345.00)
,(23, 'Vanilla extract', 0.00, 0.00, 14.60, 288.00)
,(24, 'Taco seasoning', 7.00, 3.00, 53.00, 289.00)
,(25, 'Tomato', 0.20, 0.90, 3.90, 18.00)
,(26, 'Lettuce', 0.20, 1.40, 2.90, 15.00)
,(27, 'Shredded cheese', 33.00, 25.00, 0.00, 400.00)
,(28, 'Sour cream', 21.00, 2.60, 3.00, 213.00)
,(29, 'Salsa', 0.50, 0.90, 7.30, 36.00)
,(30, 'Tortillas', 5.70, 8.70, 48.10, 297.00)
,(31, 'Sushi rice', 0.00, 6.80, 79.00, 360.00)
,(32, 'Nori seaweed sheets', 0.40, 0.40, 6.70, 35.00)
,(33, 'Rice vinegar', 0.00, 0.00, 0.40, 14.00)
,(34, 'Sugar', 0.00, 0.00, 100.00, 387.00)
,(35, 'Avocado', 14.70, 2.00, 8.50, 160.00)
,(36, 'Cucumber', 0.10, 0.60, 2.20, 15.00)
,(37, 'Crab or imitation crab', 0.20, 20.20, 0.60, 84.00)
,(38, 'Sesame seeds', 50.00, 17.00, 23.00, 573.00)
,(39, 'Soy sauce', 0.10, 1.90, 6.30, 61.00)
,(40, 'Wasabi', 0.60, 5.90, 14.10, 92.00)
,(41, 'Pickled ginger', 0.10, 0.30, 7.70, 30.00)
,(42, 'Ripe mango', 0.27, 0.82, 14.98, 60.00)
,(43, 'Yogurt', 3.30, 10.00, 4.70, 61.00)
,(44, 'Milk', 3.60, 3.30, 4.70, 64.00)
,(45, 'Cardamom powder', 6.70, 10.80, 68.47, 311.00)
,(46, 'Hamburger buns', 4.00, 10.00, 50.00, 273.00)
,(47, 'Cheddar cheese', 33.00, 25.00, 1.30, 406.00)
,(48, 'Pickles', 0.30, 0.90, 5.00, 12.00)
,(49, 'Ketchup', 0.10, 1.20, 23.60, 104.00)
,(50, 'Mustard', 6.00, 4.70, 6.00, 66.00)
,(51, 'Mayonnaise', 79.00, 0.60, 1.30, 718.00)
,(52, 'Pork loin', 4.10, 23.60, 0.00, 136.00)
,(53, 'Bell peppers', 0.20, 1.00, 6.00, 27.00)
,(54, 'Pineapple', 0.10, 0.50, 13.10, 50.00)
,(55, 'Cornstarch', 0.10, 0.30, 91.30, 381.00)
,(56, 'Brown sugar', 0.00, 0.00, 100.00, 387.00)
,(57, 'Vegetable oil', 100.00, 0.00, 0.00, 900.00)
,(58, 'Bell pepper (for garnish)', 0.20, 1.00, 6.00, 27.00)
,(59, 'Pineapple (for garnish)', 0.10, 0.50, 13.10, 50.00)
,(60, 'Green onions (for garnish)', 0.20, 1.80, 7.30, 32.00)
,(61, 'Sesame seeds (for garnish)', 50.00, 17.00, 23.00, 573.00)
,(62, 'Eggplant', 0.20, 0.80, 5.70, 24.00)
,(63, 'Potatoes', 0.10, 2.00, 17.00, 77.00)
,(64, 'Ground lamb', 19.90, 25.60, 0.00, 294.00)
,(65, 'Cinnamon', 3.20, 3.90, 81.00, 261.00)
,(66, 'Nutmeg', 36.30, 5.80, 49.20, 525.00)
,(67, 'All-purpose flour', 1.00, 10.40, 76.00, 364.00)
,(68, 'Butter', 81.11, 0.85, 0.06, 717.00)
,(69, 'Bread crumbs', 4.30, 12.40, 74.50, 390.00)
,(70, 'Coconut milk', 23.84, 2.00, 6.34, 230.00)
,(71, 'Water', 0.00, 0.00, 0.00, 0.00)
,(72, 'Raisins', 0.50, 2.50, 79.20, 299.00)
,(73, 'Cinnamon powder', 3.19, 3.99, 80.59, 261.00)
,(74, 'Basmati rice', 0.50, 7.00, 35.00, 160.00)
,(75, 'Sweet paprika', 14.76, 14.76, 33.49, 282.00)
,(76, 'Saffron threads', 5.85, 11.43, 65.37, 310.00)
,(77, 'Arborio rice', 0.30, 6.70, 77.70, 360.00)
,(78, 'Frozen peas', 0.40, 5.40, 14.00, 81.00)
,(79, 'Lemon wedges', 0.30, 0.80, 2.50, 12.00)
,(80, 'Ladyfingers', 1.10, 5.50, 58.00, 320.00)
,(81, 'Espresso', 15.00, 7.40, 1.90, 157.00)
,(82, 'Mascarpone cheese', 47.00, 4.50, 3.00, 460.00)
,(83, 'Cocoa powder', 10.90, 19.60, 57.90, 228.00)
,(84, 'Active dry yeast', 1.10, 24.50, 21.60, 228.00)
,(85, 'Chocolate chips', 24.00, 5.50, 68.00, 450.00)
,(86, 'Lime', 0.30, 0.70, 11.80, 30.00)
,(87, 'Jalapeno pepper', 0.20, 0.90, 3.90, 29.00)
,(88, 'Cilantro', 0.50, 2.10, 3.70, 23.00)
,(89, 'Spinach', 0.40, 2.90, 3.60, 23.00)
,(90, 'Feta cheese', 21.00, 14.00, 4.00, 264.00)
,(91, 'Dill', 1.10, 3.50, 6.70, 43.00)
,(92, 'Sticky rice', 0.30, 6.00, 80.30, 360.00)
,(93, 'Mango', 0.30, 0.80, 14.80, 60.00)
,(94, 'Cumin', 22.27, 17.81, 44.24, 375.00)
,(95, 'Garam masala', 14.30, 11.00, 50.00, 351.00)
,(96, 'Turmeric powder', 9.88, 9.68, 67.14, 354.00)
,(97, 'Black pepper', 6.30, 10.40, 64.80, 251.00)
,(98, 'Ricotta cheese', 13.00, 11.00, 2.80, 174.00)
,(99, 'Powdered sugar', 0.00, 0.00, 100.00, 387.00)
,(100, 'Candied fruit', 0.00, 0.00, 75.00, 310.00)
,(101, 'Pistachios', 45.40, 20.90, 27.20, 562.00)
,(102, 'Zucchini', 0.50, 1.20, 3.10, 17.00)
,(103, 'Yellow squash', 0.20, 0.60, 2.00, 15.00)
,(104, 'Fresh basil', 0.60, 3.15, 2.65, 23.00)
,(105, 'Radishes', 0.10, 0.70, 2.00, 16.00)
,(106, 'Cabbage', 0.10, 1.30, 6.00, 25.00)
,(107, 'Baking powder', 0.00, 0.00, 100.00, 401.00)
,(108, 'Honey', 0.00, 0.30, 82.00, 304.00)
,(109, 'Red bean paste', 0.10, 6.70, 31.60, 194.00)
,(110, 'Paneer cheese', 20.00, 18.00, 1.50, 265.00)
,(111, 'Green chilies', 0.20, 1.30, 4.70, 29.00)
,(112, 'Cumin seeds', 22.27, 17.81, 44.24, 375.00)
,(113, 'Coriander powder', 17.77, 12.37, 49.67, 351.00)
,(114, 'Red wine vinegar', 0.00, 0.00, 0.20, 3.00)
,(115, 'Fresh cilantro', 0.50, 2.10, 3.70, 23.00)
,(116, 'Cannoli shells', 15.00, 4.00, 64.00, 412.00)
,(117, 'Phyllo dough', 13.00, 8.00, 58.00, 347.00)
,(118, 'Thyme', 7.04, 8.09, 63.94, 276.00)
,(119, 'Fish fillets', 0.90, 20.50, 0.00, 105.00)
,(120, 'Fennel bulb', 0.20, 1.20, 7.30, 31.00)
,(121, 'White wine', 0.10, 0.10, 2.60, 82.00)
,(122, 'Orange juice', 0.20, 0.70, 8.20, 45.00)
,(123, 'Chicken breast', 1.00, 31.00, 0.50, 165.00)
,(124, 'Tofu', 4.80, 8.10, 1.90, 76.00)
,(125, 'Bean sprouts', 0.10, 3.40, 3.10, 32.00)
,(126, 'Shallots', 0.10, 2.50, 16.80, 72.00)
,(127, 'Red chili pepper', 0.20, 1.90, 9.40, 40.00)
,(128, 'Tamarind paste', 0.60, 2.00, 68.00, 287.00)
,(129, 'Fish sauce', 0.10, 2.60, 1.80, 12.00)
,(130, 'Palm sugar', 0.00, 0.00, 100.00, 387.00)
,(131, 'Roasted peanuts', 49.20, 26.30, 16.10, 600.00)
,(132, 'Lime wedges', 0.10, 0.40, 2.80, 11.00)
,(133, 'Gelatin powder', 0.00, 86.00, 0.00, 335.00)
,(134, 'Strawberries', 0.30, 0.80, 7.70, 32.00)
,(135, 'Cream cheese', 34.50, 6.20, 3.90, 350.00)
,(136, 'Flour', 1.00, 10.40, 76.00, 364.00)
,(137, 'Lemon zest', 0.30, 0.80, 2.50, 12.00)
,(138, 'Chicken broth', 0.40, 1.30, 0.20, 6.00)
,(139, 'Sake', 0.00, 0.30, 1.40, 134.00)
,(140, 'Mirin', 0.00, 0.50, 40.00, 238.00)
,(141, 'Shiitake mushrooms', 0.20, 2.20, 3.30, 34.00)
,(142, 'Enoki mushrooms', 0.40, 1.50, 2.30, 22.00)
,(143, 'Napa cabbage', 0.10, 1.20, 3.20, 16.00)
,(144, 'Green onions', 0.20, 1.80, 7.30, 32.00)
,(145, 'Fish balls', 11.40, 13.00, 18.70, 250.00)
,(146, 'Udon noodles', 1.00, 9.40, 66.70, 332.00)
,(147, 'Shirataki noodles', 0.00, 0.20, 0.40, 3.00)
,(148, 'Lemon peel', 0.30, 0.70, 9.00, 47.00)
,(149, 'Cinnamon stick', 3.19, 3.99, 80.59, 261.00)
,(150, 'Chicken thighs', 8.69, 17.55, 0.00, 150.00)
,(151, 'Green curry paste', 1.60, 2.00, 8.00, 50.00)
,(152, 'Bamboo shoots', 0.10, 0.70, 3.10, 15.00)
,(153, 'Thai basil leaves', 0.64, 3.15, 2.65, 23.00)
,(154, 'Pie crust', 16.50, 4.10, 47.30, 295.00)
,(155, 'Bacon', 42.00, 12.00, 0.40, 417.00)
,(156, 'Swiss cheese', 27.80, 25.40, 0.40, 380.00)
,(157, 'Ancho chilies', 17.11, 13.63, 63.54, 350.00)
,(158, 'Mulato chilies', 12.19, 11.30, 64.33, 328.00)
,(159, 'Pasilla chilies', 13.72, 12.14, 65.11, 335.00)
,(160, 'Coriander seeds', 15.45, 12.37, 61.67, 298.00)
,(161, 'Black peppercorns', 6.33, 10.95, 38.33, 251.00)
,(162, 'Cloves', 20.00, 6.00, 65.00, 323.00)
,(163, 'Oregano', 4.28, 9.00, 68.92, 265.00)
,(164, 'Garlic cloves', 0.50, 6.00, 33.00, 149.00)
,(165, 'Almonds', 49.42, 21.15, 21.55, 575.00)
,(166, 'Chocolate', 31.30, 4.60, 59.40, 530.00)
,(167, 'Cake batter', 16.50, 4.10, 47.30, 295.00)
,(168, 'Taiyaki mold', 0.00, 0.00, 0.00, 0.00)
,(169, 'Mixed vegetables', 0.20, 1.80, 7.30, 32.00)
,(170, 'Vegetable broth', 0.20, 0.50, 0.10, 4.00)
,(171, 'Ginger', 0.80, 1.80, 17.80, 80.00)
,(172, 'Chicken breasts', 1.00, 31.00, 0.50, 165.00)
,(173, 'Frozen mixed vegetables', 0.20, 1.80, 7.30, 32.00)
,(174, 'Duck', 28.40, 19.90, 0.00, 337.00)
,(175, 'Hoisin sauce', 1.40, 2.80, 53.60, 266.00)
,(176, 'Star anise', 15.00, 2.00, 50.00, 337.00)
,(177, 'Five-spice powder', 3.30, 7.60, 59.20, 314.00)
,(178, 'Cream', 28.30, 2.70, 2.90, 340.00)
,(179, 'Egg yolks', 32.50, 15.90, 0.60, 322.00)
,(180, 'Gelatin', 0.00, 86.00, 0.00, 335.00)
,(181, 'Semolina flour', 1.05, 12.68, 73.92, 360.00)
,(182, 'Oil', 100.00, 0.00, 0.00, 900.00)
,(183, 'Shrimp', 0.90, 20.30, 0.00, 106.00)
,(184, 'Lime juice', 0.00, 0.50, 1.90, 11.00)
,(185, 'Lemon juice', 0.00, 0.30, 2.50, 11.00)
,(186, 'Jalapeño', 0.20, 0.90, 3.90, 29.00)
,(187, 'Vanilla bean', 0.10, 0.30, 12.00, 288.00)
,(188, 'Beef stew meat', 25.20, 29.10, 0.00, 351.00)
,(189, 'Carrots', 0.24, 0.93, 9.58, 41.00)
,(190, 'Cardamom pods', 6.70, 10.80, 68.47, 311.00)
,(191, 'Peanuts', 49.20, 26.30, 16.10, 600.00)
,(192, 'Orange zest', 0.00, 0.20, 13.80, 131.00)
,(193, 'Basil', 0.60, 3.15, 2.65, 23.00)
,(194, 'Pork shoulder', 20.30, 26.60, 0.00, 308.00)
,(195, 'Hominy', 0.30, 3.60, 22.60, 119.00)
,(196, 'Sweet rice flour', 0.00, 0.80, 85.60, 354.00)
,(197, 'Potato starch', 0.10, 0.20, 82.50, 336.00)
,(198, 'Ginger paste', 0.60, 1.10, 14.10, 61.00)
,(199, 'Garlic paste', 0.10, 1.90, 24.90, 106.00)
,(200, 'Cilantro leaves', 0.50, 2.10, 3.70, 23.00)
,(201, 'Mint leaves', 0.80, 3.70, 3.80, 44.00)
,(202, 'Saffron', 5.85, 11.43, 65.37, 310.00)
,(203, 'Graham crackers', 14.29, 6.35, 73.29, 386.00);

# create recipes records
INSERT INTO Recipe (id, CookingorConfectionary, Nation, Difficulty_level, recipe_name, description_, prep_time, cook_time, portions, basic_ingredient_id) VALUES(1, 0, 'Italian', 3, 'Spaghetti Bolognese', 'A classic Italian dish featuring al dente spaghetti noodles topped with rich, slow-simmered tomato sauce and savory ground beef.', 20, 40, 4, 1)
,(2, 1, 'French', 2, 'Chocolate Mousse', 'Silky smooth chocolate mousse made with premium dark chocolate, whipped cream, and a hint of vanilla, creating an indulgent dessert experience.', 15, 30, 6, 18)
,(3, 0, 'Mexican', 4, 'Tacos', 'Authentic street tacos filled with your choice of seasoned meat, fresh toppings, and zesty salsa, served on warm corn tortillas.', 25, 20, 4, 30)
,(4, 0, 'Japanese', 3, 'Sushi Rolls', 'Delicious sushi rolls crafted with the freshest ingredients, including sushi-grade fish, seasoned rice, and crisp nori seaweed, perfect for sushi lovers.', 30, 45, 4, 31)
,(5, 1, 'Indian', 5, 'Mango Lassi', 'A refreshing and creamy Indian drink made with ripe mangoes, yogurt, milk, and a touch of cardamom, offering a tropical escape in a glass.', 10, 0, 2, 43)
,(6, 0, 'American', 2, 'Cheeseburger', 'A classic cheeseburger featuring a juicy beef patty, melted cheese, crisp lettuce, ripe tomato, tangy pickles, and creamy mayo, all sandwiched between a soft sesame seed bun.', 20, 15, 4, 47)
,(7, 0, 'Chinese', 3, 'Sweet and Sour Pork', 'Tender pieces of pork stir-fried with colorful bell peppers, onions, and pineapple in a tangy sweet and sour sauce, creating a flavorful dish that balances sweet and savory notes.', 25, 30, 4, 52)
,(8, 0, 'Greek', 3, 'Moussaka', 'Layers of roasted eggplant, spiced ground meat, and creamy béchamel sauce come together in this traditional Greek casserole, offering a comforting and hearty meal.', 35, 60, 6, 62)
,(9, 1, 'Thai', 4, 'Coconut Rice Pudding', 'Creamy coconut rice pudding infused with aromatic pandan leaves and sweetened with palm sugar, garnished with toasted coconut flakes for added texture and flavor.', 30, 40, 4, 70)
,(10, 0, 'Spanish', 3, 'Paella', 'A flavorful Spanish rice dish loaded with saffron-infused rice, succulent seafood, juicy chicken, and an array of vibrant vegetables, simmered to perfection in a savory broth.', 40, 45, 6, 74)
,(11, 1, 'Italian', 2, 'Tiramisu', 'A classic Italian dessert made with layers of coffee-soaked ladyfingers, creamy mascarpone cheese, and dusted with cocoa powder, creating a decadent and indulgent treat.', 30, 0, 6, 81)
,(12, 0, 'French', 3, 'Croissant', 'Flaky and buttery French pastry made with layers of dough, rolled and folded to create a crescent shape, perfect for breakfast or a midday treat.', 40, 20, 6, 67)
,(13, 0, 'Mexican', 4, 'Guacamole', 'Fresh and flavorful Mexican dip made with ripe avocados, onions, tomatoes, cilantro, lime juice, and a hint of jalapeño, perfect for dipping tortilla chips or topping tacos.', 15, 0, 4, 35)
,(14, 1, 'Japanese', 2, 'Mochi', 'Delightful Japanese confection made with glutinous rice flour, molded into small, chewy balls and filled with sweet red bean paste, creating a delightful burst of flavor with each bite.', 20, 0, 6, 109)
,(15, 0, 'Indian', 3, 'Chicken Tikka Masala', 'Aromatic Indian curry featuring tender chicken pieces marinated in yogurt and spices, grilled until charred and simmered in a creamy tomato-based sauce, bursting with flavor.', 35, 45, 4, 123)
,(16, 0, 'American', 2, 'Chocolate Chip Cookies', 'Soft and chewy American cookies studded with chocolate chips, perfect for satisfying your sweet tooth and indulging in a classic treat.', 20, 15, 8, 18)
,(17, 0, 'Chinese', 3, 'General Tso s Chicken', 'Crispy chicken pieces coated in a sweet and tangy sauce made with soy sauce, ginger, garlic, and chili peppers, a popular Chinese takeout dish.', 25, 30, 4, 123)
,(18, 0, 'Greek', 3, 'Spanakopita', 'Flaky phyllo pastry filled with a savory mixture of spinach, feta cheese, and herbs, a traditional Greek appetizer or main course.', 30, 40, 8, 89)
,(19, 1, 'Thai', 4, 'Mango Sticky Rice', 'Sweet and fragrant Thai dessert featuring ripe mango slices served atop sticky rice drizzled with coconut milk, offering a delightful combination of flavors and textures.', 20, 30, 4, 43)
,(20, 0, 'Spanish', 3, 'Gazpacho', 'Refreshing Spanish chilled soup made with ripe tomatoes, cucumbers, bell peppers, onions, garlic, olive oil, and vinegar, perfect for hot summer days.', 15, 0, 4, 25)
,(21, 1, 'Italian', 2, 'Cannoli', 'Iconic Italian pastry consisting of crispy fried shells filled with sweetened ricotta cheese and chocolate chips, dusted with powdered sugar, a delightful treat.', 30, 40, 6, 98)
,(22, 0, 'French', 3, 'Ratatouille', 'Provencal vegetable stew made with tomatoes, eggplant, zucchini, bell peppers, and onions, flavored with herbs and olive oil, a colorful and hearty dish.', 40, 50, 6, 25)
,(23, 0, 'Mexican', 4, 'Pozole', 'Traditional Mexican soup made with hominy corn, pork or chicken, and seasoned broth, garnished with shredded cabbage, radish, onion, and lime, a comforting meal.', 45, 60, 8, 123)
,(24, 1, 'Japanese', 3, 'Dorayaki', 'Sweet Japanese pancake sandwiches filled with sweet red bean paste (anko), a popular snack or dessert enjoyed by both children and adults.', 20, 30, 6, 109)
,(25, 0, 'Indian', 5, 'Palak Paneer', 'Creamy Indian curry made with spinach (palak) and paneer cheese, flavored with garlic, ginger, and spices, a nutritious and flavorful vegetarian dish.', 35, 40, 4, 89)
,(26, 0, 'American', 2, 'BBQ Ribs', 'Tender pork ribs slow-cooked in a smoky barbecue sauce until fall-off-the-bone tender, a classic American dish perfect for summer cookouts.', 40, 180, 6, 194)
,(27, 0, 'Chinese', 3, 'Kung Pao Chicken', 'Spicy and savory Chinese stir-fry dish featuring chicken, peanuts, and vegetables, flavored with chili peppers, garlic, and ginger, a favorite takeout option.', 25, 30, 4, 123)
,(28, 1, 'Greek', 3, 'Loukoumades', 'Greek doughnut holes made with yeast dough, deep-fried until golden and crispy, then drizzled with honey syrup and sprinkled with cinnamon, a delicious dessert.', 30, 40, 8, 108)
,(29, 0, 'Thai', 4, 'Pad Thai', 'Thai stir-fried noodle dish made with rice noodles, tofu, shrimp or chicken, bean sprouts, and peanuts, flavored with tamarind sauce and fish sauce.', 30, 25, 4, 123)
,(30, 0, 'Spanish', 3, 'Churros', 'Spanish fried dough pastries dusted with cinnamon sugar, served with thick hot chocolate or dulce de leche for dipping, a popular street food and dessert.', 20, 30, 6, 149)
,(31, 1, 'Italian', 2, 'Panna Cotta', 'Italian dessert made with sweetened cream, gelatin, and vanilla, served chilled with fruit compote or caramel sauce, a creamy and elegant treat.', 25, 40, 6, 178)
,(32, 0, 'French', 3, 'Bouillabaisse', 'Provencal fish stew made with a variety of fish and shellfish, tomatoes, saffron, and herbs, served with crusty bread and rouille, a hearty and flavorful dish.', 40, 50, 6, 119)
,(33, 0, 'Mexican', 4, 'Carnitas', 'Mexican-style braised pork cooked until tender and crispy, served with tortillas, salsa, and toppings for making tacos or burritos, a festive and flavorful dish.', 50, 120, 8, 194)
,(34, 1, 'Japanese', 3, 'Daifuku', 'Japanese mochi filled with sweet red bean paste (anko), a chewy and delightful confection enjoyed as a snack or dessert.', 30, 0, 6, 109)
,(35, 0, 'Indian', 5, 'Chicken Biryani', 'Fragrant Indian rice dish cooked with marinated chicken, aromatic spices, and basmati rice, layered and steamed to perfection, a flavorful one-pot meal.', 45, 60, 6, 123)
,(36, 0, 'American', 2, 'New York Cheesecake', 'Creamy and rich cheesecake made with cream cheese, sour cream, and graham cracker crust, baked until golden and served chilled, a classic dessert favorite.', 30, 60, 8, 135)
,(37, 0, 'Chinese', 3, 'Hot Pot', 'Chinese communal meal featuring a simmering pot of broth in the center of the table, where diners cook a variety of meats, seafood, and vegetables, a social and interactive dining experience.', 60, 30, 6, 138)
,(38, 1, 'Greek', 3, 'Galaktoboureko', 'Greek dessert made with layers of crispy phyllo pastry filled with creamy semolina custard, soaked in lemon-scented syrup, a sweet and comforting treat.', 45, 50, 8, 117)
,(39, 0, 'Thai', 4, 'Green Curry', 'Fragrant Thai curry made with green curry paste, coconut milk, chicken or tofu, and vegetables, served with jasmine rice for a satisfying and aromatic meal.', 30, 35, 4, 123)
,(40, 0, 'Spanish', 3, 'Spanish Omelette', 'Classic Spanish dish made with eggs, potatoes, onions, and olive oil, cooked until golden and served warm or at room temperature, a versatile and comforting meal.', 25, 30, 4, 20)
,(41, 1, 'Italian', 2, 'Zeppole', 'Italian fried dough balls dusted with powdered sugar, served warm with chocolate sauce or fruit compote, a delightful street food and dessert.', 30, 40, 6, 99)
,(42, 0, 'French', 3, 'Quiche Lorraine', 'Classic French tart filled with eggs, cream, cheese, and bacon, baked until golden and served warm or at room temperature, a savory and satisfying dish.', 35, 45, 6, 20)
,(43, 0, 'Mexican', 4, 'Mole Negro', 'Oaxacan specialty sauce made with a complex blend of chili peppers, chocolate, spices, and nuts, served over chicken or turkey for a rich and flavorful dish.', 50, 60, 8, 127)
,(44, 1, 'Japanese', 3, 'Taiyaki', 'Japanese fish-shaped cake filled with sweet red bean paste (anko) or custard, cooked until golden and crispy, a popular street food and snack.', 25, 30, 6, 109)
,(45, 0, 'Indian', 5, 'Vegetable Biryani', 'Fragrant Indian rice dish made with basmati rice, mixed vegetables, and aromatic spices, layered and steamed to perfection, a flavorful vegetarian option.', 40, 45, 6, 74)
,(46, 0, 'American', 2, 'Chicken Pot Pie', 'Classic American comfort food made with tender chicken, vegetables, and creamy sauce, baked in a flaky pie crust until golden and bubbling, a hearty and satisfying meal.', 35, 50, 8, 123)
,(47, 0, 'Chinese', 3, 'Peking Duck', 'Iconic Chinese dish featuring crispy duck skin, tender meat, and thin pancakes served with hoisin sauce, scallions, and cucumber, a delicious and festive meal', 45, 90, 6, 174)
,(48, 1, 'Italian', 2, 'Gelato', 'Smooth and creamy Italian-style ice cream made with milk, cream, sugar, and various flavors such as chocolate, pistachio, or fruit, a refreshing treat enjoyed year-round.', 30, 60, 4, 44)
,(49, 0, 'Indian', 4, 'Pani Puri', 'Indian street food snack consisting of crispy hollow puri filled with spicy tamarind water, chickpeas, potatoes, and chutneys, offering a burst of flavors in every bite.', 20, 0, 4, 128)
,(50, 0, 'Mexican', 3, 'Ceviche', 'Fresh and tangy Mexican seafood dish made with raw fish marinated in citrus juices, mixed with tomatoes, onions, cilantro, and chili peppers, a light and flavorful appetizer.', 20, 0, 4, 119)
,(51, 1, 'French', 2, 'Crème Brûlée', 'Silky smooth custard topped with a layer of caramelized sugar, creating a delightful contrast of textures and flavors, a classic French dessert.', 25, 45, 6, 20)
,(52, 0, 'Thai', 3, 'Massaman Curry', 'Fragrant Thai curry made with tender beef, potatoes, peanuts, and coconut milk, flavored with aromatic spices and herbs, offering a rich and comforting meal.', 40, 50, 4, 188)
,(53, 0, 'Spanish', 3, 'Tortilla Española', 'Classic Spanish omelette made with eggs, potatoes, onions, and olive oil, cooked until golden and served warm or at room temperature, a versatile and comforting dish.', 30, 40, 4, 20)
,(54, 1, 'Italian', 2, 'Cannoli', 'Iconic Italian pastry consisting of crispy fried shells filled with sweetened ricotta cheese and chocolate chips, dusted with powdered sugar, a delightful treat.', 30, 40, 6, 30)
,(55, 0, 'French', 3, 'Ratatouille', 'Provencal vegetable stew made with tomatoes, eggplant, zucchini, bell peppers, and onions, flavored with herbs and olive oil, a colorful and hearty dish.', 40, 50, 6, 62)
,(56, 0, 'Mexican', 4, 'Pozole', 'Traditional Mexican soup made with hominy corn, pork or chicken, and seasoned broth, garnished with shredded cabbage, radish, onion, and lime, a comforting meal.', 45, 60, 8, 123)
,(57, 1, 'Japanese', 3, 'Daifuku', 'Japanese mochi filled with sweet red bean paste (anko), a chewy and delightful confection enjoyed as a snack or dessert.', 30, 0, 6, 109)
,(58, 0, 'Indian', 5, 'Chicken Biryani', 'Fragrant Indian rice dish cooked with marinated chicken, aromatic spices, and basmati rice, layered and steamed to perfection, a flavorful one-pot meal.', 45, 60, 6, 123)
,(59, 0, 'American', 2, 'New York Cheesecake', 'Creamy and rich cheesecake made with cream cheese, sour cream, and graham cracker crust, baked until golden and served chilled, a classic dessert favorite.', 30, 60, 8, 15)
,(60, 0, 'Chinese', 3, 'Hot Pot', 'Chinese communal meal featuring a simmering pot of broth in the center of the table, where diners cook a variety of meats, seafood, and vegetables, a social and interactive dining experience.', 60, 30, 6, 138)
,(61, 1, 'Greek', 3, 'Galaktoboureko', 'Greek dessert made with layers of crispy phyllo pastry filled with creamy semolina custard, soaked in lemon-scented syrup, a sweet and comforting treat.', 45, 50, 8, 117)
,(62, 0, 'Thai', 4, 'Green Curry', 'Fragrant Thai curry made with green curry paste, coconut milk, chicken or tofu, and vegetables, served with jasmine rice for a satisfying and aromatic meal.', 30, 35, 4, 123)
,(63, 0, 'Spanish', 3, 'Spanish Omelette', 'Classic Spanish dish made with eggs, potatoes, onions, and olive oil, cooked until golden and served warm or at room temperature, a versatile and comforting meal.', 25, 30, 4, 20)
,(64, 1, 'Italian', 2, 'Zeppole', 'Italian fried dough balls dusted with powdered sugar, served warm with chocolate sauce or fruit compote, a delightful street food and dessert.', 30, 40, 6, 99)
,(65, 0, 'French', 3, 'Quiche Lorraine', 'Classic French tart filled with eggs, cream, cheese, and bacon, baked until golden and served warm or at room temperature, a savory and satisfying dish.', 35, 45, 6, 20)
,(66, 0, 'Mexican', 4, 'Mole Negro', 'Oaxacan specialty sauce made with a complex blend of chili peppers, chocolate, spices, and nuts, served over chicken or turkey for a rich and flavorful dish.', 50, 60, 8, 127)
,(67, 1, 'Japanese', 3, 'Taiyaki', 'Japanese fish-shaped cake filled with sweet red bean paste (anko) or custard, cooked until golden and crispy, a popular street food and snack.', 25, 30, 6, 109)
,(68, 0, 'Indian', 5, 'Vegetable Biryani', 'Fragrant Indian rice dish made with basmati rice, mixed vegetables, and aromatic spices, layered and steamed to perfection, a flavorful vegetarian option.', 40, 45, 6, 74)
,(69, 0, 'American', 2, 'Chicken Pot Pie', 'Classic American comfort food made with tender chicken, vegetables, and creamy sauce, baked in a flaky pie crust until golden and bubbling, a hearty and satisfying meal.', 35, 50, 8, 123)
,(70, 0, 'Chinese', 3, 'Peking Duck', 'Iconic Chinese dish featuring crispy duck skin, tender meat, and thin pancakes served with hoisin sauce, scallions, and cucumber, a delicious and festive meal', 45, 90, 6, 174);

# create recipe tags records
INSERT INTO Recipe_Tags (tag_id, rec_id, tag) VALUES(1, 48, 'FoodBlogger')
,(2, 38, 'FoodHeaven')
,(3, 30, 'FoodieLife')
,(4, 67, 'FoodDiary')
,(5, 38, 'DineOut')
,(6, 22, 'NomNomNom')
,(7, 14, 'HomeCookedMeal')
,(8, 44, 'FoodComa')
,(9, 11, 'EatGoodFeelGood')
,(10, 7, 'Hungry')
,(11, 39, 'FoodPhotography')
,(12, 31, 'FoodBlogger')
,(13, 17, 'Foodie')
,(14, 28, 'Tasty')
,(15, 56, 'Foodies')
,(16, 41, 'FoodInspo')
,(17, 34, 'HomeCookedMeal')
,(18, 29, 'InstaFoodie')
,(19, 13, 'FoodPassion')
,(20, 39, 'Dinner')
,(21, 55, 'FoodPic')
,(22, 13, 'FoodGasm')
,(23, 30, 'Dessert')
,(24, 8, 'Hangry')
,(25, 57, 'Foodstagram')
,(26, 27, 'FoodBlogger')
,(27, 52, 'InstaFoodie')
,(28, 33, 'NomNom')
,(29, 37, 'HomeCookedMeal')
,(30, 43, 'FoodLove')
,(31, 9, 'Foodgawker')
,(32, 53, 'Yum')
,(33, 20, 'FoodieFeature')
,(34, 5, 'Foodies')
,(35, 42, 'Foodgasm')
,(36, 47, 'FoodDiary')
,(37, 19, 'FoodHeaven')
,(38, 54, 'FoodArt')
,(39, 50, 'Foodie')
,(40, 21, 'FoodLover')
,(41, 59, 'Foodstagram')
,(42, 16, 'FoodBlogger')
,(43, 49, 'FoodPorn')
,(44, 17, 'FoodPorn')
,(45, 18, 'FoodPhotography')
,(46, 26, 'Foodgawker')
,(47, 44, 'FoodPhotography')
,(48, 40, 'Foodgasm')
,(49, 3, 'FoodLover')
,(50, 28, 'FoodDiary')
,(51, 58, 'FoodLove')
,(52, 51, 'InstaEats')
,(53, 31, 'FoodPorn')
,(54, 11, 'Hungry')
,(55, 37, 'FoodBlogger')
,(56, 19, 'InstaEats')
,(57, 32, 'FoodPassion')
,(58, 50, 'FoodLover')
,(59, 55, 'FoodPassion')
,(60, 27, 'FoodPorn')
,(61, 54, 'FoodDiary')
,(62, 47, 'FoodBlogger')
,(63, 60, 'Foodie')
,(64, 49, 'FoodBlogger')
,(65, 32, 'FoodPhotography')
,(66, 53, 'FoodBlogger')
,(67, 36, 'FoodPorn')
,(68, 45, 'FoodBlogger')
,(69, 16, 'FoodPhotography')
,(70, 45, 'FoodLover');

# create recipe steps records
INSERT INTO recipe_steps(step_id,rec_id,_order,step_details) VALUES
 (1,1,1,'Heat a large pot of water over high heat and bring to a boil.')
,(2,1,2,'Add the pasta to the boiling water and cook according to the package instructions until al dente.')
,(3,1,3,'Meanwhile, heat the olive oil in a large skillet over medium heat. Add the minced garlic and cook until fragrant, about 1 minute.')
,(4,1,4,'Add the diced onion and cook until softened, about 5 minutes.')
,(5,1,5,'Add the ground beef to the skillet and cook until browned, breaking it up with a spoon as it cooks.')
,(6,1,6,'Stir in the crushed tomatoes, tomato paste, Italian seasoning, salt, and pepper. Simmer for 10-15 minutes until the sauce thickens slightly.')
,(7,1,7,'Once the pasta is cooked, drain it and return it to the pot. Pour the sauce over the pasta and toss to combine.')
,(8,1,8,'Serve hot, garnished with grated Parmesan cheese and fresh basil leaves if desired.')
,(9,2,1,'In a heatproof bowl set over a pot of simmering water, melt the chocolate and butter together, stirring until smooth.')
,(10,2,2,'In a separate bowl, whisk together the egg yolks and sugar until pale and thickened.')
,(11,2,3,'Gradually pour the melted chocolate mixture into the egg mixture, stirring constantly.')
,(12,2,4,'In another bowl, whip the heavy cream until stiff peaks form. Gently fold the whipped cream into the chocolate mixture until well combined.')
,(13,2,5,'Divide the mousse mixture among serving glasses or ramekins. Refrigerate for at least 2 hours, or until set.')
,(14,2,6,'Before serving, garnish with whipped cream and chocolate shavings if desired.')
,(15,3,1,'Heat the oil in a large skillet over medium-high heat. Add the ground beef and cook until browned, breaking it up with a spoon as it cooks.')
,(16,3,2,'Add the diced onion and cook until softened, about 5 minutes.')
,(17,3,3,'Stir in the taco seasoning and cook for another 2-3 minutes.')
,(18,3,4,'Transfer the beef mixture to a serving dish and set aside.')
,(19,3,5,'In the same skillet, warm the tortillas for about 30 seconds on each side.')
,(20,3,6,'To assemble the tacos, place a spoonful of the beef mixture onto each tortilla. Top with your favorite toppings such as shredded lettuce, diced tomatoes, cheese, and salsa.')
,(21,3,7,'Serve immediately with lime wedges on the side.')
,(22,4,1,'Cook the sushi rice according to the package instructions and let it cool to room temperature.')
,(23,4,2,'Place a sheet of nori on a bamboo sushi mat, shiny side down.')
,(24,4,3,'Spread a thin layer of sushi rice evenly over the nori, leaving a 1-inch border along the top edge.')
,(25,4,4,'Arrange your desired fillings (such as sliced avocado, cucumber, and cooked shrimp) along the bottom edge of the nori sheet.')
,(26,4,5,'Using the bamboo mat, tightly roll up the nori sheet into a compact cylinder, applying gentle pressure to seal the edge.')
,(27,4,6,'Using a sharp knife, slice the sushi roll into 8 equal pieces and serve with soy sauce, pickled ginger, and wasabi on the side.')
,(28,5,1,'In a blender, combine the mango, yogurt, milk, honey, and ice cubes.')
,(29,5,2,'Blend until smooth and creamy, adding more milk if necessary to reach your desired consistency.')
,(30,5,3,'Pour the mango lassi into glasses and garnish with a slice of fresh mango or a sprinkle of ground cardamom if desired.')
,(31,6,1,'Preheat a grill or skillet over medium-high heat.')
,(32,6,2,'Form the ground beef into patties and season with salt and pepper.')
,(33,6,3,'Grill the burgers for 4-5 minutes on each side, or until cooked to your desired level of doneness.')
,(34,6,4,'While the burgers are cooking, toast the burger buns on the grill until lightly golden brown.')
,(35,6,5,'Assemble the burgers by placing a cooked patty on each bun and topping with your favorite toppings such as cheese, lettuce, tomato, and pickles.')
,(36,6,6,'Serve immediately with french fries or potato chips on the side.')
,(37,7,1,'In a bowl, whisk together the ketchup, vinegar, soy sauce, brown sugar, and cornstarch until smooth. Set aside.')
,(38,7,2,'Heat the vegetable oil in a large skillet or wok over high heat. Add the diced pork and cook until browned on all sides.')
,(39,7,3,'Remove the pork from the skillet and set aside. In the same skillet, add the bell peppers, pineapple chunks, and minced garlic. Cook until the vegetables are tender-crisp.')
,(40,7,4,'Return the cooked pork to the skillet and pour in the sauce mixture. Cook, stirring constantly, until the sauce has thickened and coats the pork and vegetables evenly.')
,(41,7,5,'Serve hot over steamed rice, garnished with sliced green onions and sesame seeds if desired.')
,(42,8,1,'Preheat the oven to 375°F (190°C). Grease a 9x13 inch baking dish with olive oil.')
,(43,8,2,'Peel the eggplants and slice them into 1/4-inch thick rounds. Place the slices in a colander and sprinkle with salt. Let them sit for 10-15 minutes to release excess moisture, then pat dry with paper towels.')
,(44,8,3,'Heat 2 tablespoons of olive oil in a large skillet over medium heat. Add the eggplant slices and cook until golden brown on both sides, about 5 minutes per side. Remove from the skillet and set aside.')
,(45,8,4,'In the same skillet, add another tablespoon of olive oil and sauté the onions until softened, about 5 minutes. Add the minced garlic and cook for another minute.')
,(46,8,5,'Spread a thin layer of tomato sauce in the bottom of the prepared baking dish. Arrange a layer of eggplant slices on top, followed by a layer of sautéed onions and garlic.')
,(47,8,6,'Repeat the layers until all of the eggplant, onions, and garlic are used up, finishing with a layer of eggplant on top. Sprinkle with grated Parmesan cheese.')
,(48,8,7,'Bake in the preheated oven for 30-35 minutes, or until the moussaka is bubbly and golden brown on top.')
,(49,8,8,'Let the moussaka cool for 10-15 minutes before slicing and serving. Enjoy!')
,(50,9,1,'In a medium saucepan, combine the coconut milk, water, rice, sugar, and salt.')
,(51,9,2,'Bring the mixture to a simmer over medium heat, then reduce the heat to low and cover.')
,(52,9,3,'Cook for 20-25 minutes, stirring occasionally, until the rice is tender and the mixture has thickened.')
,(53,9,4,'Stir in the vanilla extract and let the pudding cool slightly before serving.')
,(54,9,5,'Serve warm or chilled, topped with a sprinkle of cinnamon or toasted coconut flakes if desired.')
,(55,10,1,'Heat the olive oil in a large skillet or paella pan over medium heat.')
,(56,10,2,'Add the onion, bell pepper, and garlic, and cook until softened, about 5 minutes.')
,(57,10,3,'Add the rice and saffron to the skillet and cook for 1-2 minutes, stirring constantly.')
,(58,10,4,'Pour in the chicken broth and bring to a boil. Reduce the heat to low, cover, and simmer for 15-20 minutes, or until the rice is almost cooked through.')
,(59,10,5,'Stir in the shrimp, chicken, peas, and roasted red peppers. Cover and cook for an additional 5-7 minutes, or until the shrimp are pink and opaque and the chicken is cooked through.')
,(60,10,6,'Remove the skillet from the heat and let it sit, covered, for 5 minutes before serving.')
,(61,10,7,'Garnish with chopped parsley and lemon wedges, and serve hot.')
,(62,11,1,'In a large bowl, beat together the egg yolks and sugar until pale and creamy.')
,(63,11,2,'Add the mascarpone cheese to the bowl and beat until smooth and well combined.')
,(64,11,3,'In a separate bowl, whip the heavy cream until stiff peaks form.')
,(65,11,4,'Gently fold the whipped cream into the mascarpone mixture until smooth and creamy.')
,(66,11,5,'Combine the espresso and rum in a shallow dish. Dip each ladyfinger into the espresso mixture for a few seconds, then layer them in the bottom of a serving dish.')
,(67,11,6,'Spread half of the mascarpone mixture over the ladyfingers, then repeat with another layer of dipped ladyfingers and the remaining mascarpone mixture.')
,(68,11,7,'Cover the tiramisu and refrigerate for at least 4 hours, or overnight, to set.')
,(69,11,8,'Before serving, dust the top of the tiramisu with cocoa powder and garnish with chocolate shavings if desired.')
,(70,12,1,'Preheat the oven to 375°F (190°C). Line a baking sheet with parchment paper.')
,(71,12,2,'Unroll the croissant dough and separate it into triangles along the perforated lines.')
,(72,12,3,'Place a piece of chocolate or chocolate-hazelnut spread at the wide end of each triangle.')
,(73,12,4,'Roll up the croissants, starting at the wide end and tucking in the sides as you go.')
,(74,12,5,'Place the rolled croissants on the prepared baking sheet and brush the tops with beaten egg.')
,(75,12,6,'Bake for 12-15 minutes, or until the croissants are golden brown and puffed up.')
,(76,12,7,'Remove from the oven and let cool slightly before serving.')
,(77,13,1,'In a large bowl, mash the avocados with a fork until smooth but still slightly chunky.')
,(78,13,2,'Add the diced onion, jalapeño, cilantro, lime juice, and salt to the bowl, and stir until well combined.')
,(79,13,3,'Taste and adjust the seasoning as needed, adding more salt or lime juice if desired.')
,(80,13,4,'Transfer the guacamole to a serving bowl and garnish with additional cilantro and a sprinkle of red pepper flakes if desired.')
,(81,13,5,'Serve immediately with tortilla chips or sliced vegetables for dipping.')
,(82,14,1,'In a microwave-safe bowl, combine the mochiko flour and sugar. Stir in the water until smooth.')
,(83,14,2,'Cover the bowl with plastic wrap and microwave on high for 2 minutes. Remove from the microwave and stir.')
,(84,14,3,'Re-cover the bowl and microwave for an additional 2 minutes. Stir again.')
,(85,14,4,'Repeat the process of microwaving for 2 minutes and stirring until the mixture becomes thick and sticky.')
,(86,14,5,'Let the mochi dough cool slightly before handling. Dust a clean work surface with potato starch or cornstarch and transfer the mochi dough to the surface.')
,(87,14,6,'Using a sharp knife or bench scraper, divide the mochi dough into small pieces and shape them into balls.')
,(88,14,7,'Enjoy the mochi immediately, or store them in an airtight container for later. They are best when fresh.')
,(89,15,1,'In a large bowl, combine the yogurt, lemon juice, ginger, garlic, turmeric, garam masala, cumin, paprika, salt, and cayenne pepper.')
,(90,15,2,'Add the chicken pieces to the bowl and toss until well coated in the marinade. Cover and refrigerate for at least 1 hour, or overnight.')
,(91,15,3,'Preheat the grill to medium-high heat. Thread the chicken onto skewers and grill for 10-12 minutes, turning occasionally, until cooked through and charred in spots.')
,(92,15,4,'While the chicken is cooking, make the sauce. In a large skillet, heat the butter over medium heat. Add the onions and cook until softened, about 5 minutes.')
,(93,15,5,'Stir in the tomato sauce, cream, sugar, and salt. Bring to a simmer and cook for 5-7 minutes, or until the sauce has thickened slightly.')
,(94,15,6,'Add the cooked chicken to the skillet and toss until evenly coated in the sauce. Cook for an additional 2-3 minutes, then remove from the heat.')
,(95,15,7,'Garnish with chopped cilantro and serve hot with rice or naan bread.')
,(96,16,1,'Preheat the oven to 350°F (175°C). Line a baking sheet with parchment paper or a silicone baking mat.')
,(97,16,2,'In a large mixing bowl, cream together the butter, granulated sugar, and brown sugar until light and fluffy.')
,(98,16,3,'Add the eggs one at a time, mixing well after each addition. Stir in the vanilla extract.')
,(99,16,4,'In a separate bowl, whisk together the flour, baking soda, and salt. Gradually add the dry ingredients to the wet ingredients and mix until just combined.')
,(100,16,5,'Fold in the chocolate chips until evenly distributed throughout the dough.')
,(101,16,6,'Drop rounded tablespoons of dough onto the prepared baking sheet, spacing them about 2 inches apart.')
,(102,16,7,'Bake for 8-10 minutes, or until the edges are lightly golden brown. Let the cookies cool on the baking sheet for a few minutes before transferring them to a wire rack to cool completely.')
,(103,16,8,'Enjoy your freshly baked chocolate chip cookies with a glass of milk!')
,(104,17,1,'In a large bowl, whisk together the soy sauce, hoisin sauce, rice vinegar, honey, sesame oil, and cornstarch until smooth.')
,(105,17,2,'Add the chicken pieces to the bowl and toss until well coated in the sauce. Let marinate for 10-15 minutes.')
,(106,17,3,'Heat the vegetable oil in a large skillet or wok over medium-high heat. Add the chicken and cook until browned and cooked through, about 5-7 minutes.')
,(107,17,4,'Remove the chicken from the skillet and set aside. In the same skillet, add the garlic, ginger, and dried chili peppers (if using). Cook for 1-2 minutes, or until fragrant.')
,(108,17,5,'Return the chicken to the skillet and pour in the sauce. Cook, stirring constantly, until the sauce has thickened and coats the chicken evenly.')
,(109,17,6,'Garnish with sliced green onions and sesame seeds, and serve hot with steamed rice.')
,(110,18,1,'Preheat the oven to 375°F (190°C). Grease a 9x13 inch baking dish with olive oil.')
,(111,18,2,'In a large bowl, mix together the spinach, feta cheese, ricotta cheese, eggs, garlic, dill, salt, and pepper until well combined.')
,(112,18,3,'Unroll the phyllo dough and place one sheet in the prepared baking dish, letting the edges hang over the sides.')
,(113,18,4,'Brush the phyllo sheet with melted butter, then place another sheet on top and brush with butter again. Repeat this process with half of the phyllo sheets.')
,(114,18,5,'Spread the spinach and cheese mixture evenly over the phyllo dough in the baking dish.')
,(115,18,6,'Top with the remaining phyllo sheets, brushing each one with melted butter as before. Fold the overhanging edges of the phyllo dough over the top to enclose the filling.')
,(116,18,7,'Bake for 45-50 minutes, or until the spanakopita is golden brown and crisp on top.')
,(117,18,8,'Let cool for a few minutes before slicing and serving. Enjoy your homemade spanakopita!')
,(118,19,1,'In a medium saucepan, combine the coconut milk, sugar, and salt. Bring to a simmer over medium heat.')
,(119,19,2,'Add the rinsed sticky rice to the saucepan and stir to combine.')
,(120,19,3,'Reduce the heat to low, cover, and simmer for 20-25 minutes, or until the rice is tender and has absorbed most of the liquid.')
,(121,19,4,'While the rice is cooking, prepare the mangoes. Peel and slice the mangoes into thin strips.')
,(122,19,5,'Once the rice is cooked, remove it from the heat and let it sit, covered, for 5 minutes to steam.')
,(123,19,6,'Serve the sticky rice warm or at room temperature, topped with the sliced mangoes and a drizzle of coconut sauce.')
,(124,20,1,'In a blender or food processor, combine the tomatoes, cucumber, bell pepper, onion, garlic, olive oil, vinegar, salt, and pepper.')
,(125,20,2,'Blend until smooth, adding more olive oil or water if needed to reach your desired consistency.')
,(126,20,3,'Transfer the gazpacho to a large bowl and refrigerate for at least 2 hours, or until well chilled.')
,(127,20,4,'Before serving, taste and adjust the seasoning as needed. Serve cold, garnished with chopped fresh herbs if desired.')
,(128,21,1,'In a large mixing bowl, combine the ricotta cheese, powdered sugar, and vanilla extract.')
,(129,21,2,'Stir in the chocolate chips and candied fruit until evenly distributed throughout the mixture.')
,(130,21,3,'Cover the bowl with plastic wrap and refrigerate for at least 30 minutes to firm up the filling.')
,(131,21,4,'Once chilled, fill a piping bag fitted with a large round tip with the cannoli filling.')
,(132,21,5,'Pipe the filling into the cannoli shells, starting from one end and filling until the other end.')
,(133,21,6,'Dip the ends of the filled cannoli into the chopped pistachios or chocolate chips to coat.')
,(134,21,7,'Repeat with the remaining cannoli shells and filling. Serve immediately or store in the refrigerator until ready to serve.')
,(135,22,1,'Preheat the oven to 400°F (200°C). Line a baking sheet with parchment paper.')
,(136,22,2,'In a large mixing bowl, toss together the diced eggplant, zucchini, bell peppers, onion, and cherry tomatoes with olive oil, garlic, salt, and pepper.')
,(137,22,3,'Spread the vegetables out in an even layer on the prepared baking sheet.')
,(138,22,4,'Roast in the preheated oven for 25-30 minutes, or until the vegetables are tender and lightly browned, stirring halfway through.')
,(139,22,5,'While the vegetables are roasting, prepare the sauce. In a small saucepan, heat the olive oil over medium heat. Add the garlic and cook for 1-2 minutes, or until fragrant.')
,(140,22,6,'Add the crushed tomatoes, basil, oregano, salt, and pepper to the saucepan. Simmer for 10-15 minutes, stirring occasionally, until the sauce has thickened slightly.')
,(141,22,7,'Once the vegetables are done roasting, transfer them to a serving dish and drizzle with the prepared sauce.')
,(142,23,1,'In a large pot, combine the hominy, chicken broth, and water. Bring to a boil over high heat.')
,(143,23,2,'Reduce the heat to medium-low and simmer, uncovered, for 30 minutes, stirring occasionally.')
,(144,23,3,'Meanwhile, prepare the pork. In a large skillet or Dutch oven, heat the vegetable oil over medium-high heat. Add the pork shoulder pieces and cook until browned on all sides.')
,(145,23,4,'Transfer the browned pork to the pot with the hominy and broth.')
,(146,23,5,'Add the onion, garlic, dried chilies, oregano, cumin, and salt to the pot. Stir to combine.')
,(147,23,6,'Simmer the pozole, uncovered, for an additional 1-2 hours, or until the pork is tender and the flavors have melded together.')
,(148,23,7,'Taste and adjust the seasoning as needed, adding more salt or chili flakes if desired.')
,(149,23,8,'Serve the pozole hot, garnished with shredded cabbage, sliced radishes, diced onion, chopped cilantro, lime wedges, and a side of warm tortillas.')
,(150,24,1,'In a mixing bowl, whisk together the flour, sugar, baking powder, and salt.')
,(151,24,2,'In a separate bowl, whisk together the milk, eggs, and vanilla extract until well combined.')
,(152,24,3,'Pour the wet ingredients into the dry ingredients and whisk until smooth.')
,(153,24,4,'Heat a non-stick skillet or griddle over medium heat and lightly grease with butter or cooking spray.')
,(154,24,5,'Pour 1/4 cup of batter onto the skillet for each churro, spreading it out into a circle with the back of a spoon.')
,(155,24,6,'Cook the churros for 2-3 minutes on each side, or until golden brown and cooked through.')
,(156,24,7,'Transfer the cooked churros to a plate and dust with powdered sugar. Serve warm with chocolate sauce or caramel sauce for dipping.')
,(157,25,1,'In a medium saucepan, combine the heavy cream, milk, sugar, and vanilla bean (if using). Heat over medium heat until the mixture is just simmering.')
,(158,25,2,'In a separate bowl, sprinkle the gelatin over the cold water and let it sit for 5 minutes to bloom.')
,(159,25,3,'Once the cream mixture is simmering, remove it from the heat and whisk in the bloomed gelatin until fully dissolved.')
,(160,25,4,'Strain the mixture through a fine-mesh sieve into a large measuring cup or bowl. Discard the vanilla bean, if used.')
,(161,25,5,'Pour the panna cotta mixture into individual serving glasses or molds. Chill in the refrigerator for at least 4 hours, or until set.')
,(162,25,6,'To serve, dip the bottoms of the glasses or molds in hot water for a few seconds to loosen the panna cotta. Invert onto serving plates and garnish as desired with fresh fruit, coulis, or mint leaves.')
,(163,26,1,'In a large stockpot, heat the olive oil over medium heat. Add the onions, carrots, and celery, and cook until softened, about 5 minutes.')
,(164,26,2,'Add the garlic, tomato paste, and saffron, and cook for an additional 1-2 minutes, or until fragrant.')
,(165,26,3,'Add the canned tomatoes, fish stock, white wine, and bay leaf to the pot. Bring to a simmer and cook for 10-15 minutes, stirring occasionally.')
,(166,26,4,'Season the broth with salt and pepper to taste. Add the mussels, clams, shrimp, and fish to the pot and simmer for 5-7 minutes, or until the seafood is cooked through.')
,(167,26,5,'Remove the bay leaf and discard. Ladle the bouillabaisse into serving bowls and garnish with chopped parsley.')
,(168,27,1,'In a large Dutch oven or heavy-bottomed pot, heat the vegetable oil over medium-high heat.')
,(169,27,2,'Add the pork shoulder pieces to the pot and cook until browned on all sides, about 5-7 minutes.')
,(170,27,3,'Transfer the browned pork to a plate and set aside. Add the onion and garlic to the pot and cook until softened, about 3-4 minutes.')
,(171,27,4,'Return the pork to the pot and add the orange juice, lime juice, beer, oregano, cumin, salt, and pepper.')
,(172,27,5,'Bring the mixture to a simmer, then reduce the heat to low, cover, and cook for 2-3 hours, or until the pork is tender and falls apart easily.')
,(173,27,6,'Once the pork is cooked, remove it from the pot and shred it using two forks. Return the shredded pork to the pot and stir to coat in the cooking liquid.')
,(174,27,7,'To serve, warm the corn tortillas in a dry skillet or over an open flame. Fill each tortilla with a spoonful of carnitas and top with chopped onion, cilantro, and a squeeze of lime juice.')
,(175,28,1,'In a large mixing bowl, whisk together the glutinous rice flour, sugar, and water until smooth.')
,(176,28,2,'Spoon a small amount of the mochi dough onto a piece of plastic wrap dusted with potato starch or cornstarch.')
,(177,28,3,'Place a piece of sweetened red bean paste in the center of the dough, then fold the dough over the filling to enclose it completely.')
,(178,28,4,'Roll the mochi into a smooth ball, ensuring that the filling is completely sealed inside.')
,(179,28,5,'Repeat with the remaining mochi dough and red bean paste filling.')
,(180,28,6,'Enjoy the daifuku immediately, or store them in an airtight container at room temperature for up to 2 days.')
,(181,29,1,'Rinse the basmati rice under cold water until the water runs clear. Soak the rice in cold water for 30 minutes, then drain and set aside.')
,(182,29,2,'In a large skillet or Dutch oven, heat the ghee over medium heat. Add the whole spices and cook for 1-2 minutes, or until fragrant.')
,(183,29,3,'Add the sliced onions to the skillet and cook until golden brown, about 8-10 minutes.')
,(184,29,4,'Add the marinated chicken pieces to the skillet and cook until browned on all sides, about 5-7 minutes.')
,(185,29,5,'Add the drained rice to the skillet and stir to coat in the spices and chicken drippings.')
,(186,29,6,'Pour in the chicken broth and stir to combine. Bring to a boil, then reduce the heat to low, cover, and simmer for 15-20 minutes, or until the rice is cooked through and fluffy.')
,(187,29,7,'Remove the skillet from the heat and let it sit, covered, for 5 minutes before fluffing the rice with a fork. Serve hot with raita or your favorite curry.')
,(188,30,1,'In a large mixing bowl, cream together the cream cheese and sugar until smooth and creamy.')
,(189,30,2,'Add the eggs, one at a time, mixing well after each addition. Stir in the sour cream, vanilla extract, and lemon zest until combined.')
,(190,30,3,'Pour the cheesecake batter into the prepared crust and spread it out evenly with a spatula.')
,(191,30,4,'Bake the cheesecake in the preheated oven for 40-45 minutes, or until the edges are set and the center is slightly jiggly.')
,(192,30,5,'Turn off the oven and leave the cheesecake inside with the door slightly ajar for 1 hour to cool slowly.')
,(193,30,6,'Remove the cheesecake from the oven and refrigerate for at least 4 hours, or overnight, to chill and set.')
,(194,30,7,'Once chilled, slice the cheesecake into portions and serve with your favorite fruit topping or whipped cream.')
,(195,31,1,'In a large pot, combine the chicken broth, coconut milk, sugar, and salt. Bring to a simmer over medium heat.')
,(196,31,2,'In a small bowl, whisk together the cornstarch and water until smooth. Stir the cornstarch slurry into the simmering liquid.')
,(197,31,3,'Cook, stirring constantly, until the mixture thickens slightly, about 2-3 minutes.')
,(198,31,4,'Remove the pot from the heat and stir in the vanilla extract and almond extract. Let the mixture cool slightly.')
,(199,31,5,'Transfer the panna cotta mixture to individual serving cups or molds. Cover and refrigerate for at least 4 hours, or until set.')
,(200,31,6,'To serve, dip the bottoms of the cups or molds in hot water for a few seconds to loosen the panna cotta. Invert onto serving plates and garnish as desired.')
,(201,32,1,'In a large stockpot, heat the olive oil over medium heat. Add the onions, fennel, celery, and garlic, and cook until softened, about 5 minutes.')
,(202,32,2,'Add the tomatoes, white wine, fish stock, saffron, and bay leaf to the pot. Bring to a simmer and cook for 15-20 minutes, stirring occasionally.')
,(203,32,3,'Add the fish fillets, shrimp, and mussels to the pot. Cover and simmer for 5-7 minutes, or until the seafood is cooked through.')
,(204,32,4,'Season the bouillabaisse with salt and pepper to taste. Stir in the chopped parsley and lemon juice.')
,(205,32,5,'To serve, ladle the bouillabaisse into bowls and garnish with additional parsley. Serve with crusty bread for dipping.')
,(206,33,1,'In a large mixing bowl, combine the pork shoulder pieces with the orange juice, lime juice, garlic, cumin, chili powder, oregano, salt, and pepper.')
,(207,33,2,'Cover and refrigerate the pork for at least 2 hours, or overnight, to marinate.')
,(208,33,3,'When ready to cook, preheat the oven to 325°F (160°C). Transfer the pork and marinade to a roasting pan or baking dish.')
,(209,33,4,'Cover the pan with aluminum foil and roast in the preheated oven for 3-4 hours, or until the pork is tender and easily shreds with a fork.')
,(210,33,5,'Once the pork is cooked, remove it from the oven and shred it using two forks. Return the shredded pork to the pan and toss with the cooking juices.')
,(211,33,6,'Serve the carnitas hot, with warm tortillas, chopped onion, cilantro, lime wedges, and your favorite salsa or toppings.')
,(212,34,1,'In a mixing bowl, combine the glutinous rice flour, sugar, and water. Stir until a smooth dough forms.')
,(213,34,2,'Divide the dough into equal portions and flatten each portion into a small disk.')
,(214,34,3,'Place a small amount of sweetened red bean paste in the center of each disk of dough.')
,(215,34,4,'Fold the edges of the dough up and over the filling, pinching to seal tightly.')
,(216,34,5,'Roll the filled dough balls in additional glutinous rice flour to coat.')
,(217,34,6,'Enjoy the daifuku immediately, or store them in an airtight container at room temperature for up to 2 days.')
,(218,35,1,'Rinse the basmati rice under cold water until the water runs clear. Soak the rice in cold water for 30 minutes, then drain and set aside.')
,(219,35,2,'In a large skillet or Dutch oven, heat the ghee over medium heat. Add the whole spices and cook for 1-2 minutes, or until fragrant.')
,(220,35,3,'Add the sliced onions to the skillet and cook until golden brown, about 8-10 minutes.')
,(221,35,4,'Add the marinated chicken pieces to the skillet and cook until browned on all sides, about 5-7 minutes.')
,(222,35,5,'Add the drained rice to the skillet and stir to coat in the spices and chicken drippings.')
,(223,35,6,'Pour in the chicken broth and stir to combine. Bring to a boil, then reduce the heat to low, cover, and simmer for 15-20 minutes, or until the rice is cooked through and fluffy.')
,(224,35,7,'Remove the skillet from the heat and let it sit, covered, for 5 minutes before fluffing the rice with a fork. Serve hot with raita or your favorite curry.')
,(225,36,1,'Preheat the oven to 325°F (160°C). Grease a 9-inch (23cm) springform pan and line the bottom with parchment paper.')
,(226,36,2,'In a large mixing bowl, combine the graham cracker crumbs, melted butter, and sugar. Press the mixture into the bottom of the prepared pan.')
,(227,36,3,'In another large mixing bowl, beat the cream cheese until smooth. Add the sugar and beat until creamy and well combined.')
,(228,36,4,'Add the eggs, one at a time, beating well after each addition. Stir in the sour cream, vanilla extract, and lemon juice until smooth.')
,(229,36,5,'Pour the cheesecake batter over the crust in the prepared pan. Smooth the top with a spatula.')
,(230,36,6,'Bake the cheesecake in the preheated oven for 45-50 minutes, or until the edges are set but the center is slightly wobbly.')
,(231,36,7,'Turn off the oven and leave the cheesecake inside with the door slightly ajar for 1 hour to cool slowly.')
,(232,36,8,'Remove the cheesecake from the oven and refrigerate for at least 4 hours, or overnight, to chill and set.')
,(233,37,1,'In a large pot, combine the chicken broth, soy sauce, mirin, sake, and sugar. Bring to a simmer over medium heat.')
,(234,37,2,'Add the sliced pork belly to the pot and simmer for 3-4 minutes, or until cooked through.')
,(235,37,3,'Add the tofu, mushrooms, and napa cabbage to the pot. Simmer for an additional 3-4 minutes, or until the vegetables are tender.')
,(236,37,4,'To serve, ladle the hot pot into individual bowls and garnish with chopped green onions and sesame seeds. Serve with steamed rice or noodles on the side.')
,(237,38,1,'Preheat the oven to 350°F (175°C). Grease a 9x13 inch baking dish with butter or cooking spray.')
,(238,38,2,'In a large mixing bowl, whisk together the eggs, sugar, and vanilla extract until well combined.')
,(239,38,3,'In a separate saucepan, heat the milk and butter over medium heat until the butter is melted and the mixture is steaming.')
,(240,38,4,'Slowly pour the hot milk mixture into the egg mixture, whisking constantly, until smooth and well combined.')
,(241,38,5,'Arrange the bread slices in the prepared baking dish, overlapping slightly if necessary.')
,(242,38,6,'Pour the egg mixture over the bread, ensuring that each slice is evenly coated.')
,(243,38,7,'Let the bread soak in the egg mixture for 10-15 minutes, pressing down occasionally to ensure thorough soaking.')
,(244,38,8,'Bake in the preheated oven for 45-50 minutes, or until the pudding is set and golden brown on top.')
,(245,39,1,'In a large pot, heat the coconut milk over medium heat until it starts to simmer.')
,(246,39,2,'Add the green curry paste to the pot and stir until it is well combined with the coconut milk.')
,(247,39,3,'Add the chicken or tofu to the pot and simmer until cooked through, about 10 minutes.')
,(248,39,4,'Add the bamboo shoots, bell peppers, and Thai basil leaves to the pot and simmer for an additional 5 minutes.')
,(249,39,5,'Season the curry with fish sauce, sugar, and lime juice to taste. Serve hot with steamed rice.')
,(250,40,1,'In a large skillet, heat the olive oil over medium heat. Add the potatoes and cook until they start to soften, about 5 minutes.')
,(251,40,2,'Add the onions and bell peppers to the skillet and cook until softened, about 5-7 minutes.')
,(252,40,3,'In a separate bowl, beat the eggs with salt and pepper. Pour the egg mixture over the vegetables in the skillet.')
,(253,40,4,'Cook the omelette, lifting the edges occasionally to let the uncooked egg flow underneath, until the bottom is set but the top is still slightly runny.')
,(254,40,5,'Flip the omelette carefully and cook for another 2-3 minutes, or until cooked through.')
,(255,40,6,'Serve the Spanish omelette hot, garnished with chopped parsley if desired.')
,(256,41,1,'In a large pot, heat the vegetable oil over medium-high heat until it reaches 375°F (190°C).')
,(257,41,2,'In a mixing bowl, combine the flour, sugar, baking powder, and salt. In a separate bowl, whisk together the eggs, ricotta cheese, and vanilla extract.')
,(258,41,3,'Add the wet ingredients to the dry ingredients and stir until just combined. Be careful not to overmix.')
,(259,41,4,'Scoop tablespoon-sized portions of the dough and carefully drop them into the hot oil. Fry until golden brown, about 3-4 minutes per side.')
,(260,41,5,'Remove the zeppole from the oil and drain on paper towels. Dust with powdered sugar before serving.')
,(261,42,1,'Preheat the oven to 375°F (190°C). Grease a 9-inch (23cm) pie dish with butter or cooking spray.')
,(262,42,2,'In a skillet, cook the bacon until crispy. Remove from the skillet and drain on paper towels, then crumble into small pieces.')
,(263,42,3,'In the same skillet, cook the onion and mushrooms until softened, about 5-7 minutes. Remove from heat and set aside.')
,(264,42,4,'In a mixing bowl, whisk together the eggs, milk, salt, and pepper until well combined.')
,(265,42,5,'Spread the cooked bacon, onion, and mushrooms evenly in the bottom of the prepared pie dish. Pour the egg mixture over the top.')
,(266,42,6,'Bake in the preheated oven for 30-35 minutes, or until the quiche is set and golden brown on top.')
,(267,42,7,'Remove from the oven and let cool for a few minutes before slicing and serving.')
,(268,43,1,'In a large skillet, heat the oil over medium heat. Add the onion and garlic and cook until softened, about 5 minutes.')
,(269,43,2,'Add the ground beef and cook until browned, breaking it up with a spoon as it cooks.')
,(270,43,3,'Stir in the tomatoes, black beans, chili powder, cumin, oregano, salt, and pepper. Simmer for 10-15 minutes to allow the flavors to meld.')
,(271,43,4,'Stir in the chocolate until melted and well combined. Taste and adjust seasoning if necessary.')
,(272,43,5,'Serve the mole negro hot, garnished with chopped cilantro and a dollop of sour cream, if desired.')
,(273,44,1,'In a mixing bowl, combine the flour, sugar, baking powder, and salt. In a separate bowl, whisk together the eggs, milk, and vanilla extract.')
,(274,44,2,'Add the wet ingredients to the dry ingredients and stir until just combined. Be careful not to overmix.')
,(275,44,3,'Heat a taiyaki pan or waffle iron and lightly grease with oil or cooking spray. Pour a small amount of batter into each mold, filling it halfway.')
,(276,44,4,'Place a small amount of sweetened red bean paste in the center of each mold, then top with more batter to cover.')
,(277,44,5,'Close the taiyaki pan or waffle iron and cook until golden brown and crispy, about 4-5 minutes.')
,(278,44,6,'Remove the taiyaki from the pan and let cool for a few minutes before serving. Enjoy warm.')
,(279,45,1,'Rinse the basmati rice under cold water until the water runs clear. Soak the rice in cold water for 30 minutes, then drain and set aside.')
,(280,45,2,'In a large skillet or Dutch oven, heat the ghee over medium heat. Add the whole spices and cook for 1-2 minutes, or until fragrant.')
,(281,45,3,'Add the sliced onions to the skillet and cook until golden brown, about 8-10 minutes.')
,(282,45,4,'Add the marinated chicken pieces to the skillet and cook until browned on all sides, about 5-7 minutes.')
,(283,45,5,'Add the drained rice to the skillet and stir to coat in the spices and chicken drippings.')
,(284,45,6,'Pour in the chicken broth and stir to combine. Bring to a boil, then reduce the heat to low, cover, and simmer for 15-20 minutes, or until the rice is cooked through and fluffy.')
,(285,45,7,'Remove the skillet from the heat and let it sit, covered, for 5 minutes before fluffing the rice with a fork. Serve hot with raita or your favorite curry.')
,(286,46,1,'Preheat the oven to 400°F (200°C). Roll out one pie crust and place it in the bottom of a 9-inch pie dish.')
,(287,46,2,'In a large skillet, melt the butter over medium heat. Add the onion, carrots, celery, and garlic, and cook until softened, about 5 minutes.')
,(288,46,3,'Add the flour to the skillet and cook for 1-2 minutes, stirring constantly.')
,(289,46,4,'Gradually whisk in the chicken broth and milk until smooth. Bring to a simmer and cook until thickened, about 5 minutes.')
,(290,46,5,'Add the cooked chicken, peas, corn, thyme, salt, and pepper to the skillet. Stir to combine.')
,(291,46,6,'Pour the chicken mixture into the prepared pie dish. Roll out the remaining pie crust and place it over the filling. Crimp the edges to seal.')
,(292,46,7,'Brush the top crust with beaten egg, then cut a few slits in the top to vent.')
,(293,46,8,'Bake in the preheated oven for 30-35 minutes, or until the crust is golden brown and the filling is bubbling.')
,(294,46,9,'Remove from the oven and let cool for a few minutes before serving. Enjoy!')
,(295,47,1,'Preheat the oven to 425°F (220°C). Rinse the duck inside and out, then pat dry with paper towels.')
,(296,47,2,'Using a sharp knife, score the skin of the duck in a crosshatch pattern, being careful not to cut into the meat.')
,(297,47,3,'In a small bowl, combine the salt, pepper, and five-spice powder. Rub the mixture all over the duck, including inside the cavity.')
,(298,47,4,'Place the duck on a rack set inside a roasting pan. Roast in the preheated oven for 1 hour, or until the skin is crispy and golden brown.')
,(299,47,5,'Remove the duck from the oven and let it rest for 10-15 minutes before carving. Serve hot with plum sauce and steamed buns.')
,(300,48,1,'In a large mixing bowl, whisk together the milk, cream, sugar, and vanilla extract until the sugar has dissolved.')
,(301,48,2,'Pour the mixture into an ice cream maker and churn according to the manufacturer''s instructions until it reaches a soft serve consistency.')
,(302,48,3,'Transfer the churned gelato to a freezer-safe container and freeze for at least 4 hours, or until firm.')
,(303,48,4,'Scoop the gelato into bowls or cones and serve immediately. Enjoy!')
,(304,49,1,'In a large mixing bowl, combine the semolina flour, all-purpose flour, salt, and baking soda.')
,(305,49,2,'Add water gradually and knead the mixture into a stiff dough. Cover and let it rest for 30 minutes.')
,(306,49,3,'After resting, divide the dough into small portions and roll each portion into a ball.')
,(307,49,4,'Flatten each ball slightly and make a small indentation in the center with your thumb.')
,(308,49,5,'Heat oil in a deep frying pan over medium heat. Fry the puris until they puff up and turn golden brown on both sides.')
,(309,49,6,'Remove from the oil and drain on paper towels. Serve the pani puris with spicy mint water and sweet tamarind chutney.')
,(310,50,1,'In a large bowl, combine the fish, lime juice, lemon juice, and orange juice. Let it marinate in the refrigerator for at least 30 minutes.')
,(311,50,2,'Add the chopped onions, tomatoes, cilantro, jalapeno, and cucumber to the bowl with the marinated fish. Stir to combine.')
,(312,50,3,'Season with salt, pepper, and hot sauce to taste. Let the ceviche sit in the refrigerator for another 15-20 minutes to allow the flavors to meld.')
,(313,50,4,'To serve, divide the ceviche into bowls or onto plates. Garnish with additional cilantro and serve with tortilla chips or crackers on the side.')
,(314,51,1,'Preheat the oven to 325°F (160°C). Place ramekins or shallow baking dishes in a roasting pan and fill the pan with hot water to create a water bath.')
,(315,51,2,'In a mixing bowl, whisk together the egg yolks and sugar until pale and creamy. Stir in the vanilla extract and heavy cream until well combined.')
,(316,51,3,'Evenly divide the custard mixture among the ramekins. Tap the ramekins gently on the counter to remove any air bubbles.')
,(317,51,4,'Place the roasting pan in the preheated oven and bake for 30-35 minutes, or until the custards are set around the edges but still slightly jiggly in the center.')
,(318,51,5,'Remove the custards from the water bath and let them cool to room temperature. Refrigerate for at least 2 hours, or until chilled.')
,(319,51,6,'Just before serving, sprinkle a thin layer of granulated sugar over the tops of the custards. Use a kitchen torch to caramelize the sugar until golden brown and bubbly.')
,(320,51,7,'Let the crème brûlée sit for a few minutes to allow the caramelized sugar to harden, then serve immediately.')
,(321,52,1,'In a large pot, heat the oil over medium heat. Add the curry paste and cook for 1-2 minutes, or until fragrant.')
,(322,52,2,'Add the beef or chicken to the pot and cook until browned on all sides, about 5-7 minutes.')
,(323,52,3,'Stir in the coconut milk, fish sauce, palm sugar, lime leaves, and peanuts. Bring to a simmer and cook for 15-20 minutes.')
,(324,52,4,'Add the potatoes, onions, and carrots to the pot and simmer until the vegetables are tender, about 20-25 minutes.')
,(325,52,5,'Taste the curry and adjust seasoning with more fish sauce, sugar, or lime juice as needed. Serve hot with jasmine rice.')
,(326,53,1,'In a large skillet, heat the olive oil over medium heat. Add the potatoes and cook until they start to soften, about 5 minutes.')
,(327,53,2,'Add the onions and cook until softened and translucent, about 5-7 minutes.')
,(328,53,3,'Add the sliced potatoes to the skillet and cook until golden brown and crispy on the bottom, about 8-10 minutes.')
,(329,53,4,'Using a large plate or lid, carefully flip the tortilla and slide it back into the skillet. Cook until the other side is golden brown and crispy, about 5-7 minutes.')
,(330,53,5,'Slide the tortilla onto a serving plate and let it cool slightly before slicing into wedges. Serve warm or at room temperature.')
,(331,54,1,'In a mixing bowl, combine the flour, sugar, baking powder, and salt. In a separate bowl, whisk together the eggs, milk, and vanilla extract.')
,(332,54,2,'Add the wet ingredients to the dry ingredients and stir until just combined. Be careful not to overmix.')
,(333,54,3,'Heat a taiyaki pan or waffle iron and lightly grease with oil or cooking spray. Pour a small amount of batter into each mold, filling it halfway.')
,(334,54,4,'Place a small amount of sweetened red bean paste in the center of each mold, then top with more batter to cover.')
,(335,54,5,'Close the taiyaki pan or waffle iron and cook until golden brown and crispy, about 4-5 minutes.')
,(336,54,6,'Remove the taiyaki from the pan and let cool for a few minutes before serving. Enjoy warm.')
,(337,55,1,'Preheat the oven to 375°F (190°C). Grease a 9x13 inch baking dish with butter or cooking spray.')
,(338,55,2,'In a large mixing bowl, whisk together the eggs, sugar, and vanilla extract until well combined.')
,(339,55,3,'In a separate saucepan, heat the milk and butter over medium heat until the butter is melted and the mixture is hot but not boiling.')
,(340,55,4,'Gradually whisk the hot milk mixture into the egg mixture until smooth. Stir in the cooked rice and raisins.')
,(341,55,5,'Pour the mixture into the prepared baking dish and sprinkle with cinnamon on top.')
,(342,55,6,'Bake in the preheated oven for 45-50 minutes, or until the pudding is set and golden brown on top.')
,(343,55,7,'Remove from the oven and let cool for a few minutes before serving. Serve warm or at room temperature.')
,(344,56,1,'In a large pot, heat the olive oil over medium heat. Add the onion and garlic and cook until softened, about 5 minutes.')
,(345,56,2,'Add the diced tomatoes, tomato paste, sugar, and seasonings to the pot. Stir to combine.')
,(346,56,3,'Bring the sauce to a simmer and let it cook for about 20-25 minutes, stirring occasionally, until it thickens.')
,(347,56,4,'Meanwhile, bring a large pot of salted water to a boil. Add the spaghetti and cook according to package instructions until al dente.')
,(348,56,5,'Drain the spaghetti and add it to the pot with the sauce. Toss to coat the spaghetti evenly with the sauce.')
,(349,56,6,'Serve the spaghetti bolognese hot, garnished with grated Parmesan cheese and fresh basil leaves, if desired.')
,(350,57,1,'In a mixing bowl, combine the flour, sugar, baking powder, and salt. In a separate bowl, whisk together the eggs, milk, and vanilla extract.')
,(351,57,2,'Add the wet ingredients to the dry ingredients and stir until just combined. Be careful not to overmix.')
,(352,57,3,'Fold in the chocolate chips until evenly distributed throughout the batter.')
,(353,57,4,'Drop spoonfuls of dough onto a baking sheet lined with parchment paper, leaving space between each cookie for spreading.')
,(354,57,5,'Bake in the preheated oven for 10-12 minutes, or until the cookies are golden brown around the edges.')
,(355,57,6,'Remove from the oven and let the cookies cool on the baking sheet for a few minutes before transferring to a wire rack to cool completely.')
,(356,57,7,'Enjoy the chocolate chip cookies warm or at room temperature with a glass of milk.')
,(357,58,1,'In a large mixing bowl, combine the chicken pieces with soy sauce, rice wine vinegar, and cornstarch. Let marinate for 10-15 minutes.')
,(358,58,2,'In a separate bowl, mix together the chicken broth, soy sauce, hoisin sauce, rice wine vinegar, sugar, and sesame oil. Set aside.')
,(359,58,3,'Heat a wok or large skillet over high heat. Add the vegetable oil and heat until shimmering.')
,(360,58,4,'Add the chicken pieces to the wok and stir-fry until browned and cooked through, about 4-5 minutes.')
,(361,58,5,'Remove the chicken from the wok and set aside. Add the garlic, ginger, and dried chilies to the wok and stir-fry for 30 seconds.')
,(362,58,6,'Add the sauce mixture to the wok and bring to a simmer. Cook until the sauce thickens slightly, about 2-3 minutes.')
,(363,58,7,'Return the cooked chicken to the wok and toss to coat in the sauce. Serve hot with steamed rice and garnish with sliced green onions.')
,(364,59,1,'In a large pot, heat the olive oil over medium heat. Add the onions and cook until softened and translucent, about 5 minutes.')
,(365,59,2,'Add the garlic and cook for another minute, until fragrant.')
,(366,59,3,'Add the diced tomatoes, tomato paste, sugar, and spices to the pot. Stir to combine.')
,(367,59,4,'Bring the sauce to a simmer and let it cook for about 20-25 minutes, stirring occasionally, until it thickens.')
,(368,59,5,'Meanwhile, bring a large pot of salted water to a boil. Add the spaghetti and cook according to package instructions until al dente.')
,(369,59,6,'Drain the spaghetti and add it to the pot with the sauce. Toss to coat the spaghetti evenly with the sauce.')
,(370,59,7,'Serve the spaghetti bolognese hot, garnished with grated Parmesan cheese and fresh basil leaves, if desired.')
,(371,60,1,'In a large pot, bring the chicken broth to a boil over medium-high heat. Add the tofu and mushrooms and cook for 2-3 minutes.')
,(372,60,2,'Reduce the heat to low and stir in the miso paste until dissolved. Simmer for another 2-3 minutes.')
,(373,60,3,'Add the spinach and green onions to the pot and cook until wilted, about 1-2 minutes.')
,(374,60,4,'Remove the pot from the heat and stir in the soy sauce and sesame oil. Taste and adjust seasoning if necessary.')
,(375,60,5,'Serve the hot pot immediately, garnished with additional sliced green onions and a drizzle of sesame oil if desired.')
,(376,60,6,'Enjoy the hot pot with steamed rice or noodles on the side.')
,(377,61,1,'In a medium saucepan, combine the milk, sugar, and vanilla extract. Heat over medium-low heat until the sugar has dissolved, stirring occasionally.')
,(378,61,2,'In a separate bowl, whisk together the egg yolks and cornstarch until smooth.')
,(379,61,3,'Slowly pour the hot milk mixture into the egg yolk mixture, whisking constantly to temper the eggs.')
,(380,61,4,'Return the mixture to the saucepan and cook over medium heat, stirring constantly, until thickened, about 5-7 minutes.')
,(381,61,5,'Remove from heat and stir in the butter until melted and smooth. Let the pastry cream cool slightly before using.')
,(382,61,6,'Use the pastry cream as a filling for cakes, tarts, eclairs, or cream puffs. Enjoy!')
,(383,62,1,'Preheat the oven to 350°F (175°C). Grease a 9-inch (23cm) pie dish with butter or cooking spray.')
,(384,62,2,'In a large mixing bowl, whisk together the eggs, milk, salt, and pepper until well combined.')
,(385,62,3,'Spread the grated cheese evenly over the bottom of the pie dish. Pour the egg mixture over the cheese.')
,(386,62,4,'Bake in the preheated oven for 25-30 minutes, or until the center is set and the top is golden brown.')
,(387,62,5,'Remove from the oven and let cool for a few minutes before slicing and serving. Enjoy!')
,(388,63,1,'In a large pot, heat the oil over medium heat. Add the onion and cook until softened and translucent, about 5 minutes.')
,(389,63,2,'Add the garlic and cook for another minute, until fragrant.')
,(390,63,3,'Add the diced tomatoes, tomato paste, sugar, and spices to the pot. Stir to combine.')
,(391,63,4,'Bring the sauce to a simmer and let it cook for about 20-25 minutes, stirring occasionally, until it thickens.')
,(392,63,5,'Meanwhile, bring a large pot of salted water to a boil. Add the spaghetti and cook according to package instructions until al dente.')
,(393,63,6,'Drain the spaghetti and add it to the pot with the sauce. Toss to coat the spaghetti evenly with the sauce.')
,(394,63,7,'Serve the spaghetti bolognese hot, garnished with grated Parmesan cheese and fresh basil leaves, if desired.')
,(395,64,1,'In a large mixing bowl, combine the flour, sugar, baking powder, and salt. In a separate bowl, whisk together the eggs, milk, and vanilla extract.')
,(396,64,2,'Add the wet ingredients to the dry ingredients and stir until just combined. Be careful not to overmix.')
,(397,64,3,'Heat a taiyaki pan or waffle iron and lightly grease with oil or cooking spray. Pour a small amount of batter into each mold, filling it halfway.')
,(398,64,4,'Place a small amount of sweetened red bean paste in the center of each mold, then top with more batter to cover.')
,(399,64,5,'Close the taiyaki pan or waffle iron and cook until golden brown and crispy, about 4-5 minutes.')
,(400,64,6,'Remove the taiyaki from the pan and let cool for a few minutes before serving. Enjoy warm.')
,(401,65,1,'In a large mixing bowl, combine the chicken pieces with soy sauce, rice wine vinegar, and cornstarch. Let marinate for 10-15 minutes.')
,(402,65,2,'In a separate bowl, mix together the chicken broth, soy sauce, hoisin sauce, rice wine vinegar, sugar, and sesame oil. Set aside.')
,(403,65,3,'Heat a wok or large skillet over high heat. Add the vegetable oil and heat until shimmering.')
,(404,65,4,'Add the chicken pieces to the wok and stir-fry until browned and cooked through, about 4-5 minutes.')
,(405,65,5,'Remove the chicken from the wok and set aside. Add the garlic, ginger, and dried chilies to the wok and stir-fry for 30 seconds.')
,(406,65,6,'Add the sauce mixture to the wok and bring to a simmer. Cook until the sauce thickens slightly, about 2-3 minutes.')
,(407,65,7,'Return the cooked chicken to the wok and toss to coat in the sauce. Serve hot with steamed rice and garnish with sliced green onions.')
,(408,66,1,'In a large pot, bring the chicken broth to a boil over medium-high heat. Add the tofu and mushrooms and cook for 2-3 minutes.')
,(409,66,2,'Reduce the heat to low and stir in the miso paste until dissolved. Simmer for another 2-3 minutes.')
,(410,66,3,'Add the spinach and green onions to the pot and cook until wilted, about 1-2 minutes.')
,(411,66,4,'Remove the pot from the heat and stir in the soy sauce and sesame oil. Taste and adjust seasoning if necessary.')
,(412,66,5,'Serve the hot pot immediately, garnished with additional sliced green onions and a drizzle of sesame oil if desired.')
,(413,66,6,'Enjoy the hot pot with steamed rice or noodles on the side.')
,(414,67,1,'In a medium saucepan, combine the milk, sugar, and vanilla extract. Heat over medium-low heat until the sugar has dissolved, stirring occasionally.')
,(415,67,2,'In a separate bowl, whisk together the egg yolks and cornstarch until smooth.')
,(416,67,3,'Slowly pour the hot milk mixture into the egg yolk mixture, whisking constantly to temper the eggs.')
,(417,67,4,'Return the mixture to the saucepan and cook over medium heat, stirring constantly, until thickened, about 5-7 minutes.')
,(418,67,5,'Remove from heat and stir in the butter until melted and smooth. Let the pastry cream cool slightly before using.')
,(419,67,6,'Use the pastry cream as a filling for cakes, tarts, eclairs, or cream puffs. Enjoy!')
,(420,68,1,'Preheat the oven to 350°F (175°C). Grease a 9-inch (23cm) pie dish with butter or cooking spray.')
,(421,68,2,'In a large mixing bowl, whisk together the eggs, milk, salt, and pepper until well combined.')
,(422,68,3,'Spread the grated cheese evenly over the bottom of the pie dish. Pour the egg mixture over the cheese.')
,(423,68,4,'Bake in the preheated oven for 25-30 minutes, or until the center is set and the top is golden brown.')
,(424,68,5,'Remove from the oven and let cool for a few minutes before slicing and serving. Enjoy!')
,(425,69,1,'In a large pot, heat the oil over medium heat. Add the onion and cook until softened and translucent, about 5 minutes.')
,(426,69,2,'Add the garlic and cook for another minute, until fragrant.')
,(427,69,3,'Add the diced tomatoes, tomato paste, sugar, and spices to the pot. Stir to combine.')
,(428,69,4,'Bring the sauce to a simmer and let it cook for about 20-25 minutes, stirring occasionally, until it thickens.')
,(429,69,5,'Meanwhile, bring a large pot of salted water to a boil. Add the spaghetti and cook according to package instructions until al dente.')
,(430,69,6,'Drain the spaghetti and add it to the pot with the sauce. Toss to coat the spaghetti evenly with the sauce.')
,(431,69,7,'Serve the spaghetti bolognese hot, garnished with grated Parmesan cheese and fresh basil leaves, if desired.')
,(432,70,1,'In a large mixing bowl, combine the flour, sugar, baking powder, and salt. In a separate bowl, whisk together the eggs, milk, and vanilla extract.')
,(433,70,2,'Add the wet ingredients to the dry ingredients and stir until just combined. Be careful not to overmix.')
,(434,70,3,'Heat a taiyaki pan or waffle iron and lightly grease with oil or cooking spray. Pour a small amount of batter into each mold, filling it halfway.')
,(435,70,4,'Place a small amount of sweetened red bean paste in the center of each mold, then top with more batter to cover.')
,(436,70,5,'Close the taiyaki pan or waffle iron and cook until golden brown and crispy, about 4-5 minutes.')
,(437,70,6,'Remove the taiyaki from the pan and let cool for a few minutes before serving. Enjoy warm.');


# create meal type
INSERT INTO meal_type( meal_id, meal_type) VALUES(1, 'Breakfast')
,(2, 'Brunch')
,(3, 'Lunch')
,(4, 'Dinner')
,(5, 'Appetizers')
,(6, 'Snacks')
,(7, 'Desserts')
,(8, 'Side Dishes');

# create meal types of recipes records
INSERT INTO meal_types_of_recipes(meal_id, rec_id) VALUES(1, 5)
,(1, 12)
,(1, 40)
,(1, 42)
,(1, 53)
,(1, 63)
,(1, 65)
,(4, 1)
,(4, 3)
,(4, 4)
,(4, 6)
,(4, 7)
,(4, 8)
,(4, 10)
,(4, 15)
,(4, 17)
,(4, 18)
,(4, 22)
,(4, 23)
,(4, 25)
,(4, 26)
,(4, 27)
,(4, 29)
,(4, 32)
,(4, 33)
,(4, 35)
,(4, 37)
,(4, 39)
,(4, 43)
,(4, 45)
,(4, 46)
,(4, 47)
,(4, 52)
,(4, 55)
,(4, 56)
,(4, 58)
,(4, 60)
,(4, 62)
,(4, 66)
,(4, 68)
,(4, 69)
,(4, 70)
,(5, 13)
,(5, 20)
,(5, 49)
,(5, 50)
,(7, 2)
,(7, 9)
,(7, 11)
,(7, 14)
,(7, 16)
,(7, 19)
,(7, 21)
,(7, 24)
,(7, 28)
,(7, 30)
,(7, 31)
,(7, 34)
,(7, 36)
,(7, 38)
,(7, 41)
,(7, 44)
,(7, 48)
,(7, 51)
,(7, 54)
,(7, 57)
,(7, 59)
,(7, 61)
,(7, 64)
,(7, 67);

# create equipment records
INSERT INTO equipment(eq_id,eq_name,instructions) VALUES
 (1,'Pot','Boil water, simmer soups, stews, pasta sauces, and chili. Also suitable for steaming vegetables, cooking grains, and making stocks.')
,(2,'Skillet','Fry eggs, sauté vegetables, sear meats, cook pancakes, and make stir-fries. Versatile for cooking a wide range of dishes on the stovetop.')
,(3,'Wooden Spoon','Stir sauces, soups, and stews to prevent sticking and burning. Also useful for mixing batters and doughs without scratching non-stick surfaces.')
,(4,'Mixing Bowl','Combine ingredients for batters, doughs, salads, and marinades. Ideal for mixing, tossing, and blending ingredients thoroughly.')
,(5,'Whisk','Beat eggs, whip cream, and blend sauces to incorporate air and achieve smooth, fluffy textures. Perfect for emulsifying vinaigrettes and mixing dry ingredients.')
,(6,'Serving Glasses','Present beverages, desserts, and layered parfaits in an attractive manner. Suitable for serving cocktails, smoothies, and milkshakes.')
,(7,'Spatula','Flip pancakes, burgers, and omelets without damaging their shape. Also useful for scraping bowls, spreading frosting, and lifting delicate baked goods.')
,(8,'Taco Shells','Fill with seasoned meats, vegetables, and toppings to create flavorful tacos. Available in both hard and soft varieties for different preferences.')
,(9,'Bamboo Rolling Mat','Roll sushi, nori wraps, and rice paper rolls with precision. Provides a smooth surface for shaping and rolling delicate ingredients.')
,(10,'Sharp Knife','Slice, dice, chop, and mince vegetables, fruits, meats, and herbs. Essential for meal preparation and achieving uniform cuts.')
,(11,'Rice Cooker','Cook perfect rice, quinoa, and other grains with minimal effort. Features automatic settings for steaming vegetables and preparing soups.')
,(12,'Blender','Blend smoothies, sauces, soups, and purées to a smooth consistency. Suitable for crushing ice, making nut butter, and mixing pancake batter.')
,(13,'Glasses','Serve water, juice, soda, cocktails, and wine in a variety of sizes and shapes. Also suitable for serving desserts like parfaits and trifles.')
,(14,'Straws','Drink liquids like smoothies, milkshakes, and iced coffee with ease. Available in reusable and disposable options.')
,(15,'Grill','Cook meats, vegetables, and seafood with distinct grill marks and smoky flavor. Suitable for outdoor barbecues and indoor grilling.')
,(16,'Hamburger Press','Shape ground meat into uniform patties for hamburgers. Helps maintain consistent size and thickness for even cooking.')
,(17,'Buns','Hold hamburger patties and other sandwich fillings. Available in various sizes and textures, including sesame seed and whole wheat.')
,(18,'Wok','Stir-fry vegetables, meats, and tofu over high heat for quick and flavorful meals. Features a curved shape and sloping sides for easy tossing.')
,(19,'Tongs','Pick up, turn, and transfer foods while cooking. Ideal for grilling, sautéing, and serving salads without damaging delicate ingredients.')
,(20,'Baking Dish','Bake casseroles, gratins, lasagnas, and desserts like brownies and bread pudding. Features deep sides and handles for easy lifting.')
,(21,'Saucepan','Simmer sauces, boil pasta, blanch vegetables, and cook grains. Versatile for cooking a wide range of recipes on the stovetop.')
,(22,'Eggplant Slicer','Slice eggplants evenly for grilling, roasting, and sautéing. Features a sharp blade and ergonomic handle for safe and efficient slicing.')
,(23,'Paella Pan','Cook traditional Spanish paella, risotto, and sautéed dishes. Features a wide, shallow design and non-stick surface for even cooking.')
,(24,'Saffron','Add flavor and vibrant color to rice dishes, stews, soups, and seafood. Known as the world''s most expensive spice, prized for its distinct aroma.')
,(25,'Rolling Pin','Roll out dough for pastries, pies, cookies, and pizza crusts. Available in traditional wooden or modern non-stick designs.')
,(26,'Baking Sheet','Bake cookies, sheet cakes, roasted vegetables, and oven fries. Features a flat surface and raised edges to contain spills.')
,(27,'Pastry Brush','Apply glaze, egg wash, butter, and sauces to baked goods. Available in natural or synthetic bristles for precision and control.')
,(28,'Fork','Pierce, lift, and serve food items like salads, pasta, and meats. Also useful for whisking, mashing, and shredding ingredients.')
,(29,'Avocado Masher','Mash avocados for guacamole, spreads, and toppings. Features a sturdy handle and grid-style mashing surface for smooth results.')
,(30,'Steamer','Steam vegetables, dumplings, fish, and buns for a healthy cooking method that preserves nutrients and flavors.')
,(31,'Mochi Maker','Form mochi rice cakes for traditional Japanese sweets and desserts. Features a wooden or plastic mold with a decorative pattern.')
,(32,'Cookie Sheet','Bake cookies, biscuits, scones, and other small baked goods. Available in various sizes and materials, including aluminum and silicone.')
,(33,'Oven','Bake, roast, broil, and toast a wide range of dishes. Features adjustable temperature settings and convection options for precise cooking.')
,(34,'Deep Fryer','Fry foods in oil for crispy, golden results. Features adjustable temperature control and a removable frying basket for easy cleanup.')
,(35,'Strainer','Drain pasta, sift flour, and rinse fruits and vegetables. Available in fine mesh or perforated designs for various kitchen tasks.')
,(36,'Bowls','Mix ingredients, serve food, and store leftovers. Available in a variety of sizes, materials, and designs to suit different purposes.')
,(37,'Cannoli Tubes','Shape cannoli shells for filling with sweet ricotta cream. Features a metal tube with a removable end for easy filling and cleaning.')
,(38,'Piping Bag','Pipe frosting, batter, and decorative elements onto cakes, cupcakes, and pastries. Available in reusable or disposable options.')
,(39,'Knife','Cut, slice, chop, and dice ingredients for cooking and meal preparation. Available in various sizes and styles for different tasks.')
,(40,'Stock Pot','Make soup, stock, chili, and broth in large quantities. Features tall sides and a wide base for simmering and reducing liquids.')
,(41,'Ladle','Serve soups, stews, and sauces with ease. Features a deep bowl and long handle for scooping and pouring liquids.')
,(42,'Hominy','Cook hominy for traditional Southern dishes like pozole and grits. Available in dried or canned varieties for convenience.')
,(43,'Griddle','Cook pancakes, eggs, bacon, and grilled sandwiches on a flat cooking surface. Features a non-stick coating for easy food release.')
,(44,'Pastry Bag','Pipe frosting, batter, and decorative elements onto cakes, cookies, and pastries. Available in reusable or disposable options.')
,(45,'Dutch Oven','Braise, bake, roast, and stew dishes in a versatile pot that transitions from stovetop to oven. Features even heat distribution and retention.')
,(46,'Springform Pan','Bake cheesecakes, tortes, and delicate desserts with removable sides for easy release. Features a latch mechanism for quick assembly.')
,(47,'Mixer','Mix batter, dough, and whipped cream with ease. Features multiple speed settings and interchangeable attachments for various tasks.')
,(48,'Hot Pot','Cook a variety of ingredients in a communal pot at the dining table. Features a portable burner and divided sections for different broths and ingredients.')
,(49,'Skimmer','Remove foam, skim liquids, and retrieve food from boiling water or oil. Features a slotted design to drain excess liquid while lifting food.')
,(50,'Pie Dish','Bake pies, quiches, and tarts with flaky, golden crusts. Features a shallow, round dish with fluted edges for decorative finishes.')
,(51,'Chiles','Add flavor and heat to dishes with a variety of fresh and dried chili peppers. Available in different shapes, sizes, and levels of spiciness.')
,(52,'Taiyaki Pan','Cook taiyaki pastries filled with sweet or savory fillings. Features fish-shaped molds and a non-stick surface for easy removal.')
,(53,'Torch','Device that produces an open flame using a flammable gas (such as butane) and is commonly used for tasks like caramelizing sugar, browning meringues, or searing meats.');

# create equipment in recipes records
INSERT INTO equipment_in_recipes( eq_id, rec_id, amount) VALUES(1, 1, 1)
,(2, 1, 1)
,(2, 15, 1)
,(2, 18, 1)
,(2, 22, 1)
,(2, 33, 1)
,(2, 40, 1)
,(2, 47, 1)
,(2, 53, 1)
,(2, 55, 1)
,(2, 63, 1)
,(2, 70, 1)
,(3, 1, 1)
,(3, 15, 1)
,(3, 25, 1)
,(3, 39, 1)
,(3, 62, 1)
,(4, 1, 1)
,(4, 2, 1)
,(4, 11, 1)
,(4, 13, 1)
,(4, 15, 1)
,(4, 16, 1)
,(4, 36, 1)
,(4, 50, 1)
,(4, 51, 1)
,(4, 59, 1)
,(5, 2, 1)
,(5, 3, 1)
,(5, 11, 1)
,(6, 3, 1)
,(6, 11, 1)
,(6, 17, 1)
,(6, 29, 1)
,(6, 31, 1)
,(6, 35, 1)
,(6, 37, 1)
,(6, 43, 1)
,(6, 45, 1)
,(6, 52, 1)
,(6, 58, 1)
,(6, 60, 1)
,(6, 66, 1)
,(6, 68, 1)
,(7, 3, 1)
,(8, 3, 1)
,(9, 4, 1)
,(10, 4, 1)
,(10, 7, 1)
,(10, 17, 1)
,(10, 22, 1)
,(10, 27, 1)
,(10, 47, 1)
,(10, 50, 1)
,(10, 55, 1)
,(10, 70, 1)
,(11, 9, 1)
,(12, 5, 1)
,(12, 20, 1)
,(13, 5, 1)
,(14, 5, 1)
,(15, 6, 1)
,(15, 26, 1)
,(16, 6, 1)
,(17, 6, 1)
,(18, 7, 1)
,(18, 17, 1)
,(18, 27, 1)
,(18, 29, 1)
,(19, 26, 1)
,(20, 8, 1)
,(20, 18, 1)
,(21, 8, 1)
,(21, 19, 1)
,(21, 25, 1)
,(21, 38, 1)
,(21, 39, 1)
,(21, 43, 1)
,(21, 52, 1)
,(21, 61, 1)
,(21, 62, 1)
,(21, 66, 1)
,(22, 8, 1)
,(23, 10, 1)
,(24, 10, 1)
,(25, 12, 1)
,(26, 12, 1)
,(27, 38, 1)
,(27, 61, 1)
,(28, 13, 1)
,(28, 34, 1)
,(28, 40, 1)
,(28, 46, 1)
,(28, 53, 1)
,(28, 57, 1)
,(28, 63, 1)
,(28, 69, 1)
,(29, 13, 1)
,(30, 19, 1)
,(31, 14, 1)
,(32, 16, 1)
,(33, 42, 1)
,(33, 65, 1)
,(34, 28, 1)
,(34, 30, 1)
,(34, 41, 1)
,(34, 64, 1)
,(35, 20, 1)
,(36, 20, 1)
,(37, 21, 1)
,(37, 54, 1)
,(38, 21, 1)
,(38, 54, 1)
,(40, 23, 1)
,(40, 33, 1)
,(40, 35, 1)
,(40, 45, 1)
,(40, 56, 1)
,(40, 58, 1)
,(40, 68, 1)
,(41, 23, 1)
,(41, 56, 1)
,(42, 23, 1)
,(42, 56, 1)
,(44, 24, 1)
,(45, 32, 1)
,(46, 36, 1)
,(46, 59, 1)
,(47, 48, 1)
,(48, 37, 1)
,(48, 60, 1)
,(49, 28, 1)
,(49, 49, 1)
,(50, 42, 1)
,(50, 46, 1)
,(50, 65, 1)
,(50, 69, 1)
,(52, 44, 1)
,(52, 67, 1)
,(53, 51, 1);


# create ingredients in recipes records
INSERT INTO ingredients_in_recipes( ing_id, rec_id, amount) VALUES(1, 1, '200 grams')
,(2, 1, '250 grams')
,(2, 3, '250 grams')
,(2, 6, '250 grams')
,(3, 1, '1 medium-sized')
,(3, 3, '1 medium-sized')
,(3, 6, '2 slices')
,(3, 7, '1 large')
,(3, 8, '1 large')
,(3, 10, 1)
,(3, 13, '1 small')
,(3, 18, '1 large')
,(3, 22, 1)
,(3, 23, '1 large')
,(3, 25, 1)
,(3, 32, 1)
,(3, 33, 1)
,(3, 40, 1)
,(3, 42, 1)
,(3, 43, 1)
,(3, 45, 1)
,(3, 46, '1/4 cup')
,(3, 50, 1)
,(3, 51, '1/2 cup')
,(3, 52, 1)
,(3, 53, 1)
,(3, 55, 1)
,(3, 56, 1)
,(3, 63, 1)
,(3, 65, 1)
,(3, 66, 1)
,(3, 68, 1)
,(3, 69, 1)
,(4, 1, '3 cloves')
,(4, 3, '3 cloves')
,(4, 7, '3 cloves')
,(4, 8, '3 cloves')
,(4, 10, '4 grams')
,(4, 13, '1 clove')
,(4, 15, '3 cloves')
,(4, 17, '4 cloves')
,(4, 18, '3 cloves')
,(5, 1, '1 medium-sized')
,(6, 1, '1 stalk')
,(7, 1, '2 tablespoons')
,(7, 20, '6 large')
,(7, 22, '1 can (400 grams)')
,(7, 25, 2)
,(7, 32, 2)
,(7, 43, '2 tablespoons')
,(7, 46, 1)
,(7, 50, 2)
,(7, 55, 2)
,(7, 66, '2 tablespoons')
,(8, 1, '1 can (400 grams)')
,(8, 22, '1 can (400 grams)')
,(9, 1, '1/2 cup')
,(10, 1, '2 cups')
,(10, 10, '5 grams')
,(11, 1, '2 leaves')
,(11, 32, 2)
,(11, 33, 2)
,(11, 52, '2 tablespoons')
,(11, 56, 2)
,(12, 1, '1 teaspoon')
,(12, 22, '1 teaspoon')
,(12, 23, '1 teaspoon')
,(13, 1, '1 teaspoon')
,(14, 1, '1 teaspoon')
,(14, 4, '1/2 teaspoon')
,(14, 6, 'to taste')
,(14, 7, '1/2 teaspoon')
,(14, 8, '1 teaspoon')
,(14, 9, '1/4 teaspoon')
,(14, 12, '1 teaspoon')
,(14, 13, 'to taste')
,(14, 16, '1/2 teaspoon')
,(14, 17, '1/2 teaspoon')
,(14, 18, '1/2 teaspoon')
,(14, 19, '1/4 teaspoon')
,(14, 20, '1 teaspoon')
,(14, 22, '1 teaspoon')
,(14, 23, '1 teaspoon')
,(14, 25, '1 teaspoon')
,(14, 26, '1 teaspoon')
,(14, 28, '1/2 teaspoon')
,(14, 30, '1/4 teaspoon')
,(14, 32, '1 teaspoon')
,(14, 33, '1 teaspoon')
,(14, 35, '1 teaspoon')
,(14, 40, '1 teaspoon')
,(14, 41, '1/4 teaspoon')
,(14, 45, '1 teaspoon')
,(14, 46, '1 teaspoon')
,(14, 47, '1 teaspoon')
,(14, 49, '1/4 teaspoon')
,(14, 50, '1/2 teaspoon')
,(14, 53, '1 teaspoon')
,(14, 55, '1 teaspoon')
,(14, 58, '1 teaspoon')
,(14, 63, '1 teaspoon')
,(14, 64, '1/4 teaspoon')
,(14, 68, '1 teaspoon')
,(14, 69, '1 teaspoon')
,(14, 70, '1 teaspoon')
,(15, 1, '1/2 teaspoon')
,(15, 8, '1/2 teaspoon')
,(15, 13, 'to taste')
,(15, 17, '1/2 teaspoon')
,(15, 18, '1/2 teaspoon')
,(15, 20, '1/2 teaspoon')
,(15, 22, '1/2 teaspoon')
,(15, 32, '1 teaspoon')
,(15, 33, '1/2 teaspoon')
,(16, 1, '2 tablespoons')
,(16, 8, '4 tablespoons')
,(16, 10, '4 tablespoons')
,(16, 15, '2 tablespoons')
,(16, 18, '1/4 cup')
,(16, 20, '1/4 cup')
,(16, 22, '1/4 cup')
,(16, 28, '1/4 cup')
,(16, 32, '1/4 cup')
,(16, 40, '1/4 cup')
,(16, 53, '1/4 cup')
,(16, 55, '1/4 cup')
,(16, 63, '1/4 cup')
,(17, 1, '50 grams')
,(17, 8, '1/2 cup (grated)')
,(18, 2, '200 grams')
,(18, 17, 'for frying')
,(19, 2, '100 grams')
,(19, 8, '4 tablespoons')
,(19, 12, '250 grams')
,(19, 16, '3/4 cup')
,(19, 30, '1/2 cup')
,(20, 2, '3 large')
,(20, 11, '4 large')
,(20, 16, '2 large')
,(20, 18, '3 large')
,(20, 24, 2)
,(20, 29, 2)
,(20, 30, 4)
,(20, 36, 4)
,(20, 40, 6)
,(20, 41, 2)
,(20, 42, 4)
,(20, 53, 4)
,(20, 59, 4)
,(20, 63, 6)
,(20, 64, 2)
,(20, 65, 4)
,(21, 2, '1/2 cup')
,(21, 4, '1 tablespoon')
,(21, 5, '1/4 cup')
,(21, 9, '1/4 cup')
,(21, 11, '1/2 cup')
,(21, 12, '1/4 cup')
,(21, 14, '1/4 cup')
,(21, 16, '3/4 cup')
,(21, 17, '2 tablespoons')
,(21, 19, '1/4 cup')
,(21, 24, '1/4 cup')
,(21, 27, '2 tablespoons')
,(21, 28, '1 tablespoon')
,(21, 30, '1 tablespoon')
,(22, 2, '200 ml')
,(22, 15, '1/2 cup')
,(23, 2, '2 teaspoons')
,(23, 9, '1/2 teaspoon')
,(23, 16, '1 teaspoon')
,(23, 21, '1 teaspoon')
,(23, 36, '1 tablespoon')
,(23, 38, '1 teaspoon')
,(23, 41, 2)
,(23, 48, '1 teaspoon')
,(23, 59, '1 tablespoon')
,(23, 61, '1 teaspoon')
,(23, 64, 2)
,(24, 3, '2 tablespoons')
,(25, 3, '2 medium-sized')
,(25, 6, '4 leaves')
,(25, 13, '1 small')
,(25, 14, '1/4 cup')
,(25, 15, '1 cup')
,(26, 3, '1 head')
,(27, 3, '1 cup')
,(27, 23, 4)
,(27, 27, 6)
,(27, 33, 4)
,(27, 45, 4)
,(27, 46, 4)
,(27, 47, 4)
,(27, 56, 4)
,(27, 68, 4)
,(27, 69, 4)
,(27, 70, 4)
,(28, 3, '1/2 cup')
,(28, 36, '1 cup')
,(28, 42, '1 1/2 cups')
,(28, 59, '1 cup')
,(28, 65, '1 1/2 cups')
,(29, 3, 10)
,(30, 4, '300 grams')
,(31, 4, '10 sheets')
,(31, 31, '2 cups')
,(31, 34, '1/4 cup')
,(31, 36, '1/4 teaspoon')
,(31, 37, '2 tablespoons')
,(31, 38, '1 cup')
,(31, 41, '1/4 cup')
,(31, 42, '1/2 teaspoon')
,(31, 48, '3/4 cup')
,(31, 51, '2 cups')
,(31, 57, '1/4 cup')
,(31, 58, '1/4 cup')
,(31, 59, '1/4 teaspoon')
,(31, 60, '2 tablespoons')
,(31, 61, '1 cup')
,(31, 64, '1/4 cup')
,(31, 65, '1/2 teaspoon')
,(32, 4, '2 tablespoons')
,(32, 7, '1/4 cup')
,(32, 17, '1/4 cup')
,(32, 31, '2 cups')
,(33, 4, '2 medium-sized')
,(33, 31, '1/2 cup')
,(34, 4, '1/2 cucumber')
,(34, 31, '2 1/2 teaspoons')
,(34, 34, '1/2 cup')
,(34, 38, '2 tablespoons')
,(34, 57, '1/4 cup')
,(34, 61, '2 tablespoons')
,(35, 4, '150 grams')
,(35, 13, '2 ripe avocados')
,(35, 31, '1 teaspoon')
,(35, 34, '1/4 cup')
,(35, 35, '1/4 cup')
,(35, 50, '1 teaspoon')
,(36, 4, '1 tablespoon')
,(36, 7, '1 tablespoon')
,(36, 20, '1 large')
,(36, 32, '500 grams')
,(36, 50, '500 grams')
,(37, 4, '2 tablespoons')
,(37, 7, '1/4 cup')
,(37, 17, '2 tablespoons')
,(37, 32, '200 grams')
,(37, 50, '300 grams')
,(38, 4, '1 tablespoon')
,(38, 32, '200 grams')
,(39, 4, '2 tablespoons')
,(39, 17, '1/4 cup')
,(39, 27, '1/4 cup')
,(39, 29, '2 tablespoons')
,(39, 32, '200 grams')
,(39, 37, '1/4 cup')
,(39, 47, '1/4 cup')
,(39, 52, '1 cup')
,(39, 60, '1/4 cup')
,(39, 62, '3 tablespoons')
,(39, 70, '1/4 cup')
,(40, 5, '2 ripe mangoes')
,(41, 5, '1 cup')
,(42, 5, '1/2 cup')
,(42, 8, '2 cups')
,(42, 42, '1 (9-inch)')
,(42, 65, '1 (9-inch)')
,(43, 5, '1/2 teaspoon')
,(43, 9, '1/4 teaspoon')
,(43, 15, '1 cup')
,(43, 19, '2 ripe mangoes')
,(43, 35, '1 cup')
,(43, 58, '1 cup')
,(44, 12, '1 cup')
,(46, 6, 4)
,(47, 6, '1 cup (shredded)')
,(48, 6, '1 slice')
,(48, 51, '1 cup')
,(49, 6, '2 tablespoons')
,(49, 7, '1/4 cup')
,(50, 6, '1 tablespoon')
,(51, 6, 'to taste')
,(52, 7, '500 grams')
,(53, 7, 2)
,(53, 20, 1)
,(53, 22, 1)
,(53, 55, 2)
,(54, 7, '1/4 cup (cubed)')
,(55, 7, '2 tablespoons')
,(55, 27, '2 tablespoons')
,(56, 7, '1/4 cup')
,(56, 16, '1/2 cup')
,(56, 26, '1/4 cup')
,(57, 7, 'for frying')
,(57, 24, 'for frying')
,(57, 25, '2 tablespoons')
,(57, 27, 'for frying')
,(57, 29, '1/4 cup')
,(57, 30, 'for frying')
,(57, 52, '2 tablespoons')
,(58, 7, 1)
,(59, 7, '2 stalks')
,(62, 8, '2 medium-sized')
,(62, 22, 2)
,(62, 55, 2)
,(63, 8, '2 medium-sized')
,(63, 40, '3 medium')
,(63, 52, 2)
,(63, 53, 4)
,(63, 63, '3 medium')
,(64, 8, '500 grams')
,(65, 8, '1 teaspoon')
,(66, 8, '1/2 teaspoon')
,(67, 8, '4 tablespoons')
,(67, 12, '500 grams')
,(67, 16, '2 cups')
,(67, 24, '1 cup')
,(67, 28, '2 cups')
,(67, 30, '1 cup')
,(67, 41, '2 cups')
,(67, 49, '1/4 cup')
,(67, 64, '2 cups')
,(68, 36, '1/3 cup')
,(68, 38, '1/2 cup')
,(68, 46, '1/4 cup')
,(68, 59, '1/3 cup')
,(68, 61, '1/2 cup')
,(68, 69, '1/4 cup')
,(69, 8, '1/4 cup')
,(70, 9, '2 cups')
,(70, 19, '2 cups')
,(71, 9, '2 cups')
,(71, 24, '1/2 cup')
,(71, 25, '1 cup')
,(71, 28, '1 cup')
,(71, 30, '1 cup')
,(71, 34, '3/4 cup')
,(71, 38, '1 cup')
,(71, 41, '1 cup')
,(71, 57, '3/4 cup')
,(71, 61, '1 cup')
,(71, 64, '1 cup')
,(72, 9, '1/4 cup')
,(72, 43, 'for serving')
,(72, 66, 'for serving')
,(73, 9, '1/4 teaspoon')
,(74, 9, '1 cup')
,(74, 35, '2 cups')
,(74, 45, '2 cups')
,(74, 58, '2 cups')
,(74, 68, '2 cups')
,(75, 10, '500 grams')
,(75, 15, '500 grams')
,(75, 17, '500 grams')
,(75, 26, '1/2 teaspoon')
,(76, 10, '10 grams')
,(76, 15, '1 teaspoon')
,(76, 32, '1/4 teaspoon')
,(77, 10, '4 grams')
,(78, 10, '20 grams')
,(79, 10, '10 grams')
,(80, 11, '200 grams')
,(81, 11, '1 cup')
,(82, 11, '500 grams')
,(83, 11, 'for dusting')
,(84, 12, '2 1/4 teaspoons')
,(84, 28, '2 teaspoons')
,(85, 12, '1 large')
,(85, 21, '1/2 cup')
,(85, 54, '1/2 cup')
,(86, 12, '1/2 cup')
,(86, 16, '2 cups')
,(87, 13, 1)
,(88, 13, 1)
,(89, 13, '2 tablespoons')
,(89, 18, '500 grams')
,(89, 25, '500 grams')
,(90, 14, '3/4 cup')
,(90, 18, '200 grams')
,(91, 14, '1 cup')
,(91, 17, '1/2 cup')
,(91, 18, '1/4 cup')
,(92, 19, '1 cup')
,(94, 15, '2 teaspoons')
,(94, 20, '1 teaspoon')
,(95, 15, '1 teaspoon')
,(95, 25, '1 teaspoon')
,(95, 35, '1 teaspoon')
,(95, 45, '1 teaspoon')
,(95, 58, '1 teaspoon')
,(95, 68, '1 teaspoon')
,(96, 15, '1 teaspoon')
,(96, 25, '1/2 teaspoon')
,(96, 35, '1/2 teaspoon')
,(96, 45, '1/2 teaspoon')
,(96, 58, '1/2 teaspoon')
,(96, 68, '1/2 teaspoon')
,(97, 15, '1/2 teaspoon')
,(97, 26, '1/2 teaspoon')
,(97, 40, '1/2 teaspoon')
,(97, 42, '1/4 teaspoon')
,(97, 45, '1/2 teaspoon')
,(97, 46, '1/2 teaspoon')
,(97, 47, '1/2 teaspoon')
,(97, 53, '1/2 teaspoon')
,(97, 55, '1/2 teaspoon')
,(97, 63, '1/2 teaspoon')
,(97, 65, '1/4 teaspoon')
,(97, 68, '1/2 teaspoon')
,(97, 69, '1/2 teaspoon')
,(97, 70, '1/2 teaspoon')
,(98, 15, '1/2 teaspoon')
,(98, 21, '2 cups')
,(98, 54, '500 grams')
,(99, 21, '1 cup')
,(99, 54, '1 cup')
,(100, 21, '1/4 cup')
,(100, 54, '1/4 cup')
,(101, 21, '1/4 cup')
,(101, 54, '1/4 cup')
,(102, 22, 2)
,(102, 55, 2)
,(103, 22, 2)
,(104, 22, '1/4 cup')
,(105, 23, 'for garnish')
,(106, 23, 'for garnish')
,(107, 24, '1 teaspoon')
,(107, 41, '2 teaspoons')
,(107, 64, '2 teaspoons')
,(108, 16, '1/2 teaspoon')
,(108, 24, '1/4 cup')
,(108, 28, '1/4 cup')
,(108, 47, '1/4 cup')
,(108, 70, '1/4 cup')
,(109, 14, '1/2 cup')
,(109, 24, '1/2 cup')
,(109, 44, '1 batch')
,(109, 57, '1/2 cup')
,(109, 67, '1 batch')
,(110, 25, '400 grams')
,(111, 25, 2)
,(111, 35, 2)
,(111, 50, 1)
,(111, 58, 2)
,(112, 23, '1 teaspoon')
,(112, 25, '1 teaspoon')
,(112, 43, '1 teaspoon')
,(112, 66, '1 teaspoon')
,(113, 25, '1 teaspoon')
,(113, 43, '1 teaspoon')
,(113, 56, '1 teaspoon')
,(113, 66, '1 teaspoon')
,(114, 20, '2 tablespoons')
,(114, 27, '2 tablespoons')
,(115, 15, 'for garnish')
,(115, 20, '1/4 cup')
,(115, 29, 'for garnish')
,(116, 21, 1)
,(116, 54, 12)
,(117, 18, '1 package')
,(117, 38, '1 package')
,(117, 61, '1 package')
,(118, 20, '1/2')
,(118, 32, '1 sprig')
,(118, 43, '1 teaspoon')
,(118, 66, '1 teaspoon')
,(119, 33, '1 teaspoon')
,(119, 56, '1 teaspoon')
,(120, 32, 1)
,(121, 32, '1/2 cup')
,(122, 33, '1 cup')
,(122, 50, '1 cup')
,(123, 29, '300 grams')
,(123, 33, '1 teaspoon')
,(124, 29, '200 grams')
,(124, 37, '300 grams')
,(124, 60, '300 grams')
,(125, 29, '100 grams')
,(126, 29, 2)
,(126, 33, '1 teaspoon')
,(127, 29, 2)
,(128, 29, '2 tablespoons')
,(129, 29, '3 tablespoons')
,(129, 62, '2 tablespoons')
,(130, 29, '2 tablespoons')
,(130, 39, '2 tablespoons')
,(130, 62, '2 tablespoons')
,(131, 29, '1/4 cup')
,(132, 29, 'for garnish')
,(134, 35, '2 tablespoons')
,(134, 57, 'for dusting')
,(135, 36, '900 grams')
,(135, 59, '900 grams')
,(137, 36, '1 tablespoon')
,(137, 59, '1 tablespoon')
,(138, 37, '4 cups')
,(138, 39, '2 cups')
,(138, 56, '4 cups')
,(138, 60, '4 cups')
,(138, 68, '4 cups')
,(138, 69, '2 cups')
,(139, 37, '1/2 cup')
,(139, 47, '1-inch piece')
,(139, 60, '1/2 cup')
,(139, 70, '1-inch piece')
,(140, 37, '1/4 cup')
,(140, 60, '1/4 cup')
,(141, 37, '200 grams')
,(141, 47, '2 tablespoons')
,(141, 60, '200 grams')
,(141, 70, '2 tablespoons')
,(142, 37, '200 grams')
,(142, 60, '200 grams')
,(143, 37, '200 grams')
,(143, 60, '200 grams')
,(144, 17, 4)
,(144, 27, 4)
,(144, 37, 4)
,(144, 60, 4)
,(145, 37, '200 grams')
,(145, 60, '200 grams')
,(146, 37, '200 grams')
,(146, 60, '200 grams')
,(147, 29, '200 grams')
,(147, 37, '200 grams')
,(147, 60, '200 grams')
,(149, 38, 1)
,(149, 43, 1)
,(149, 52, 1)
,(149, 61, 1)
,(149, 66, 1)
,(150, 27, '500 grams')
,(150, 35, '500 grams')
,(150, 39, '500 grams')
,(150, 58, '500 grams')
,(150, 62, '500 grams')
,(151, 26, '1 kg')
,(152, 39, '1/2 cup')
,(152, 62, '1/2 cup')
,(153, 39, 'for garnish')
,(153, 62, 'for garnish')
,(154, 41, 'for frying')
,(154, 64, 'for frying')
,(155, 42, '8 slices')
,(155, 65, '8 slices')
,(156, 42, '1 cup')
,(156, 65, '1 cup')
,(157, 43, 4)
,(157, 66, 4)
,(158, 43, 2)
,(158, 66, 2)
,(159, 43, 2)
,(159, 66, 2)
,(161, 43, '1 teaspoon')
,(161, 66, '1 teaspoon')
,(162, 43, 4)
,(162, 66, 4)
,(163, 43, '1 teaspoon')
,(163, 66, '1 teaspoon')
,(164, 20, 2)
,(164, 22, 2)
,(164, 23, 4)
,(164, 25, '3 cloves')
,(164, 26, '1/2 teaspoon')
,(164, 27, 4)
,(164, 29, 4)
,(164, 32, 4)
,(164, 43, 4)
,(164, 52, 4)
,(164, 55, 4)
,(164, 66, 4)
,(165, 43, '1/4 cup')
,(165, 66, '1/4 cup')
,(166, 50, '1/4 cup')
,(167, 44, '1 batch')
,(167, 67, '1 batch')
,(168, 44, 1)
,(168, 67, 1)
,(169, 45, '500 grams')
,(169, 58, '500 grams')
,(169, 68, '500 grams')
,(170, 45, '4 cups')
,(170, 46, '2 cups')
,(171, 25, '1-inch piece')
,(171, 27, '1-inch piece')
,(172, 46, '500 grams')
,(172, 69, '500 grams')
,(173, 46, '1 package')
,(173, 69, '1 package')
,(174, 47, '1 whole')
,(174, 70, '1 whole')
,(175, 17, '2 tablespoons')
,(175, 27, '2 tablespoons')
,(176, 47, 2)
,(176, 52, 2)
,(176, 70, 2)
,(177, 47, '1/2 teaspoon')
,(177, 70, '1/2 teaspoon')
,(178, 48, '1 cup')
,(179, 48, 6)
,(179, 51, 6)
,(180, 48, '2 tablespoons')
,(181, 49, '1 cup')
,(183, 29, '200 grams')
,(183, 39, '300 grams')
,(184, 29, '2 tablespoons')
,(184, 50, '1 cup')
,(184, 58, '2 tablespoons')
,(185, 15, '2 tablespoons')
,(185, 33, '1/4 cup')
,(185, 50, '1 cup')
,(186, 26, '1/4 teaspoon')
,(187, 41, '1 teaspoon')
,(187, 51, 1)
,(187, 54, '1 teaspoon')
,(187, 64, '1 teaspoon')
,(188, 52, '500 grams')
,(189, 52, 2)
,(190, 52, 4)
,(191, 15, '1-inch piece')
,(191, 17, '1-inch piece')
,(191, 52, '1/4 cup')
,(192, 54, '1 teaspoon')
,(194, 19, 'for garnish')
,(194, 23, '1 kg')
,(194, 33, '1 kg')
,(194, 56, '1 kg')
,(195, 23, '1 can (400 grams)')
,(195, 56, '1 can')
,(196, 34, '1 cup')
,(196, 57, '1 cup')
,(196, 62, '2 cups')
,(197, 14, 'for dusting')
,(198, 15, 'for serving')
,(198, 35, '1 tablespoon')
,(198, 45, '1-inch piece')
,(198, 52, '1-inch piece')
,(198, 58, '1 tablespoon')
,(198, 68, '1-inch piece')
,(199, 17, 10)
,(199, 35, '1 tablespoon')
,(199, 58, '1 tablespoon')
,(200, 35, '1/4 cup')
,(200, 58, '1/4 cup')
,(201, 35, '1/4 cup')
,(201, 58, '1/4 cup')
,(202, 35, '1/4 teaspoon')
,(202, 39, '2 tablespoons')
,(202, 58, '1/4 teaspoon')
,(203, 36, '1 1/2 cups')
,(203, 59, '1 1/2 cups');

# create ingredient group records
INSERT INTO ingredient_group(group_id,group_name) VALUES
 (1,'Grains')
,(2,'Proteins')
,(3,'Vegetables')
,(4,'Fruits')
,(5,'Dairy')
,(6,'Fats and Oils')
,(7,'Legumes and Nuts')
,(8,'Sugars and Sweeteners')
,(9,'Beverages')
,(10,'Processed and Packaged Foods');

# create ingredient belongs in group records
INSERT INTO ingredient_belongs_in_group( group_id, ing_id) VALUES(1, 1)
,(1, 30)
,(1, 31)
,(1, 46)
,(1, 67)
,(1, 69)
,(1, 74)
,(1, 77)
,(1, 80)
,(1, 92)
,(1, 117)
,(1, 136)
,(1, 146)
,(1, 147)
,(1, 154)
,(1, 168)
,(1, 181)
,(1, 195)
,(1, 196)
,(1, 197)
,(1, 203)
,(2, 2)
,(2, 10)
,(2, 20)
,(2, 37)
,(2, 52)
,(2, 64)
,(2, 119)
,(2, 123)
,(2, 124)
,(2, 138)
,(2, 145)
,(2, 150)
,(2, 155)
,(2, 172)
,(2, 174)
,(2, 183)
,(2, 188)
,(2, 194)
,(3, 3)
,(3, 4)
,(3, 5)
,(3, 6)
,(3, 7)
,(3, 8)
,(3, 11)
,(3, 12)
,(3, 13)
,(3, 25)
,(3, 26)
,(3, 32)
,(3, 36)
,(3, 40)
,(3, 41)
,(3, 48)
,(3, 53)
,(3, 58)
,(3, 60)
,(3, 62)
,(3, 63)
,(3, 78)
,(3, 87)
,(3, 88)
,(3, 89)
,(3, 91)
,(3, 102)
,(3, 103)
,(3, 104)
,(3, 105)
,(3, 106)
,(3, 111)
,(3, 115)
,(3, 120)
,(3, 126)
,(3, 127)
,(3, 141)
,(3, 142)
,(3, 143)
,(3, 144)
,(3, 152)
,(3, 153)
,(3, 157)
,(3, 158)
,(3, 159)
,(3, 164)
,(3, 169)
,(3, 170)
,(3, 171)
,(3, 173)
,(3, 186)
,(3, 189)
,(3, 193)
,(3, 198)
,(3, 199)
,(3, 200)
,(3, 201)
,(4, 35)
,(4, 42)
,(4, 54)
,(4, 59)
,(4, 79)
,(4, 86)
,(4, 93)
,(4, 122)
,(4, 132)
,(4, 134)
,(4, 137)
,(4, 148)
,(4, 184)
,(4, 185)
,(4, 192)
,(5, 17)
,(5, 19)
,(5, 22)
,(5, 27)
,(5, 28)
,(5, 43)
,(5, 44)
,(5, 47)
,(5, 68)
,(5, 70)
,(5, 82)
,(5, 90)
,(5, 98)
,(5, 110)
,(5, 135)
,(5, 156)
,(5, 178)
,(5, 179)
,(6, 16)
,(6, 57)
,(6, 182)
,(7, 38)
,(7, 61)
,(7, 101)
,(7, 112)
,(7, 125)
,(7, 131)
,(7, 160)
,(7, 165)
,(7, 191)
,(8, 14)
,(8, 15)
,(8, 18)
,(8, 21)
,(8, 23)
,(8, 24)
,(8, 29)
,(8, 33)
,(8, 34)
,(8, 39)
,(8, 45)
,(8, 49)
,(8, 50)
,(8, 51)
,(8, 55)
,(8, 56)
,(8, 65)
,(8, 66)
,(8, 72)
,(8, 73)
,(8, 75)
,(8, 76)
,(8, 83)
,(8, 84)
,(8, 85)
,(8, 94)
,(8, 95)
,(8, 96)
,(8, 97)
,(8, 99)
,(8, 100)
,(8, 107)
,(8, 108)
,(8, 109)
,(8, 113)
,(8, 116)
,(8, 118)
,(8, 128)
,(8, 129)
,(8, 130)
,(8, 133)
,(8, 140)
,(8, 149)
,(8, 151)
,(8, 161)
,(8, 162)
,(8, 163)
,(8, 166)
,(8, 167)
,(8, 175)
,(8, 176)
,(8, 177)
,(8, 180)
,(8, 187)
,(8, 190)
,(8, 202)
,(9, 9)
,(9, 71)
,(9, 81)
,(9, 114)
,(9, 121)
,(9, 139);

# create theme records
INSERT INTO theme(theme_id,theme_name,theme_desc) VALUES
 (1,'Italian Cuisine','Classic dishes from Italy, rich in flavors like pasta, pizza, and risotto.')
,(2,'Asian Fusion','Fusion of Asian flavors with creative twists and combinations.')
,(3,'Mediterranean Delights','Fresh and light dishes inspired by the Mediterranean region, featuring olive oil, herbs, and seafood.')
,(4,'Vegan/Vegetarian Feast','Plant-based dishes bursting with flavors and nutrients, perfect for vegans and vegetarians.')
,(5,'Tex-Mex Fiesta','Bold and spicy Texan and Mexican fusion dishes, showcasing the best of both cuisines.')
,(6,'Comfort Food Classics','Heartwarming and nostalgic dishes that bring comfort and satisfaction with every bite.')
,(7,'Seafood Extravaganza','A feast of ocean delights, featuring fresh seafood prepared in a variety of delicious ways.')
,(8,'Farm-to-Table Freshness','Locally sourced ingredients crafted into wholesome and flavorful dishes.')
,(9,'Middle Eastern Flavors','Exotic and aromatic dishes from the Middle East, featuring spices like cumin, coriander, and saffron.')
,(10,'BBQ Bonanza','Smoky and savory barbecue dishes, grilled to perfection and served with classic sides.')
,(11,'Gourmet Burgers and Fries','Elevated versions of the classic burger and fries, with gourmet ingredients and creative toppings.')
,(12,'Sushi Spectacular','Artfully crafted sushi and sashimi, showcasing the delicate flavors of fresh fish and seafood.')
,(13,'Southern Soul Food','Hearty and comforting Southern cuisine, featuring fried chicken, collard greens, and cornbread.')
,(14,'French Bistro Elegance','Sophisticated and refined French dishes served in a cozy bistro setting.')
,(15,'Indian Spice Adventure','A culinary journey through the vibrant flavors of India, featuring aromatic spices and bold curries.')
,(16,'Healthy Bowl Creations','Nutrient-packed bowls filled with grains, greens, proteins, and flavorful dressings.')
,(17,'Sweet Treats and Dessert Delights','Indulgent desserts and sweet treats to satisfy any sweet tooth.')
,(18,'Tapas and Small Plates','Bite-sized delights inspired by Spanish cuisine, perfect for sharing and sampling.')
,(19,'Street Food Festival','A global array of street food favorites, offering bold flavors and unique culinary experiences.')
,(20,'Brunch Bliss','Leisurely brunch options featuring a mix of breakfast and lunch dishes, perfect for lazy weekends.');

# create cooks records
INSERT INTO cooks(chef_id, _name, Phone_number, birth_yr, Age, Years_of_Experience, List_of_Specializations_in_Nations, Chef_title) VALUES(1, 'John Smith', 123, 1980, 42, 20, 'Italian, French, Japanese', 'Chef')
,(2, 'Emily Johnson', 234, 1985, 37, 15, 'Mexican, Chinese, American', '2nd Cook')
,(3, 'Michael Williams', 345, 1990, 32, 10, 'Indian, Greek, American', 'Assistant Chef')
,(4, 'Jessica Brown', 456, 1975, 47, 25, 'Spanish, Greek, Italian', 'Chef')
,(5, 'David Jones', 567, 1972, 50, 30, 'Italian, French, Japanese', '1st Cook')
,(6, 'Sarah Davis', 678, 1988, 34, 8, 'Greek, Thai, Spanish', '3rd Cook')
,(7, 'Daniel Miller', 789, 1979, 43, 22, 'American, Chinese, Indian', 'Chef')
,(8, 'Olivia Wilson', 890, 1983, 39, 18, 'Thai, Mexican, Greek', 'Chef')
,(9, 'James Moore', 901, 1970, 52, 35, 'Italian, Indian, French', 'Chef')
,(10, 'Emma Taylor', 12, 1987, 35, 9, 'Japanese, Mexican, Greek', '2nd Cook')
,(11, 'Liam Anderson', 123, 1982, 40, 19, 'French, Greek, Italian', 'Assistant Chef')
,(12, 'Mia Thomas', 234, 1992, 30, 7, 'Chinese, Japanese, American', 'Chef')
,(13, 'William Lee', 345, 1984, 38, 17, 'Indian, Chinese, Mexican', '3rd Cook')
,(14, 'Sophia Clark', 456, 1977, 45, 28, 'French, Italian, Spanish', 'Chef')
,(15, 'Benjamin Hall', 567, 1973, 49, 32, 'Japanese, Chinese, Thai', '1st Cook')
,(16, 'Isabella Lewis', 678, 1989, 33, 11, 'Greek, Indian, Mexican', '2nd Cook')
,(17, 'Ethan Walker', 789, 1981, 41, 21, 'Mexican, Thai, Chinese', 'Chef')
,(18, 'Charlotte Baker', 890, 1986, 36, 14, 'Italian, French, Mexican', 'Chef')
,(19, 'Noah Garcia', 901, 1978, 44, 26, 'Greek, Spanish, Italian', '3rd Cook')
,(20, 'Amelia Murphy', 12, 1991, 31, 6, 'Japanese, Chinese, Indian', 'Assistant Chef')
,(21, 'Alexander Cook', 123, 1976, 46, 29, 'Italian, French, American', 'Chef')
,(22, 'Harper Gonzalez', 234, 1980, 42, 23, 'Greek, Chinese, Spanish', 'Chef')
,(23, 'Daniel Martinez', 345, 1984, 38, 16, 'Indian, Mexican, French', '3rd Cook')
,(24, 'Addison Hill', 456, 1972, 50, 33, 'Italian, Greek, French', 'Chef')
,(25, 'Sebastian Perez', 567, 1988, 34, 12, 'Mexican, Spanish, American', '2nd Cook')
,(26, 'Evelyn Bailey', 678, 1982, 40, 20, 'Chinese, Japanese, Thai', 'Assistant Chef')
,(27, 'Jackson Rivera', 789, 1990, 32, 9, 'Indian, Greek, Italian', 'Chef')
,(28, 'Lily Wood', 890, 1975, 47, 30, 'Thai, Chinese, Japanese', 'Chef')
,(29, 'Aiden Ward', 901, 1979, 43, 24, 'Greek, Mexican, Spanish', '1st Cook')
,(30, 'Zoe Cooper', 12, 1986, 36, 15, 'Mexican, Italian, Thai', '2nd Cook')
,(31, 'Miles Rivera', 123, 1987, 35, 18, 'Indian, Chinese, Thai', 'Assistant Chef')
,(32, 'Nora Peterson', 234, 1983, 39, 22, 'Italian, French, Greek', 'Chef')
,(33, 'Elijah Gray', 345, 1974, 48, 31, 'Chinese, Japanese, Thai', 'Chef')
,(34, 'Stella Murphy', 456, 1971, 51, 34, 'Mexican, Spanish, Indian', 'Chef')
,(35, 'Lucas Howard', 567, 1989, 33, 10, 'Italian, French, Greek', '3rd Cook')
,(36, 'Hazel Adams', 678, 1978, 44, 27, 'Thai, Chinese, Japanese', 'Chef')
,(37, 'Owen Wright', 789, 1981, 41, 21, 'Indian, Greek, Italian', 'Chef')
,(38, 'Ellie Parker', 890, 1985, 37, 16, 'Mexican, Spanish, Japanese', 'Assistant Chef')
,(39, 'Isaac Cooper', 901, 1977, 45, 28, 'French, Greek, Italian', 'Chef')
,(40, 'Ruby Ross', 12, 1992, 30, 7, 'Spanish, Greek, Indian', 'Chef')
,(41, 'Levi Rogers', 123, 1976, 46, 29, 'Indian, Chinese, Thai', '3rd Cook')
,(42, 'Luna Turner', 234, 1980, 42, 23, 'Mexican, Italian, French', 'Chef')
,(43, 'Henry Bell', 345, 1984, 38, 25, 'Greek, Spanish, Italian', 'Chef')
,(44, 'Mila Brooks', 456, 1973, 49, 32, 'Thai, Chinese, American', '2nd Cook')
,(45, 'Leo Price', 567, 1970, 52, 35, 'Spanish, Indian, Greek', 'Chef')
,(46, 'Bella Wright', 678, 1988, 34, 10, 'Japanese, Chinese, Thai', 'Chef')
,(47, 'Jack Cox', 789, 1982, 40, 21, 'Indian, Greek, Italian', 'Chef')
,(48, 'Violet Long', 890, 1975, 47, 30, 'Italian, French, Spanish', 'Chef')
,(49, 'Luke Reed', 901, 1979, 43, 22, 'Mexican, Chinese, Thai', '2nd Cook')
,(50, 'Ivy Gray', 12, 1986, 36, 15, 'Spanish, Indian, Greek', '3rd Cook')
,(51, 'Owen Bailey', 123, 1987, 35, 18, 'Chinese, Japanese, Thai', 'Chef')
,(52, 'Willow Bell', 234, 1983, 39, 16, 'Indian, Greek, Spanish', '3rd Cook')
,(53, 'Finn Cox', 345, 1974, 48, 31, 'Italian, French, Japanese', 'Chef')
,(54, 'Nova Long', 456, 1971, 51, 34, 'Greek, Spanish, Indian', 'Chef')
,(55, 'River Reed', 567, 1989, 33, 10, 'French, Italian, Spanish', 'Chef')
,(56, 'Juniper Gray', 678, 1978, 44, 27, 'Japanese, Chinese, Thai', 'Chef')
,(57, 'Aspen Bailey', 789, 1981, 41, 22, 'Italian, French, Greek', '3rd Cook')
,(58, 'Phoenix Cox', 890, 1985, 37, 16, 'Spanish, Indian, Greek', 'Chef')
,(59, 'Skyler Bell', 901, 1977, 45, 28, 'Chinese, Japanese, Thai', 'Chef')
,(60, 'Blaze Long', 12, 1992, 30, 7, 'Indian, Greek, Spanish', '1st Cook');

# create cooks in recipe records
INSERT INTO cooks_in_recipe(chef_id, rec_id) VALUES(1, 1)
,(1, 2)
,(1, 4)
,(1, 8)
,(1, 22)
,(1, 54)
,(2, 3)
,(2, 7)
,(2, 9)
,(2, 13)
,(2, 19)
,(3, 5)
,(3, 6)
,(3, 15)
,(3, 16)
,(3, 25)
,(3, 26)
,(3, 35)
,(3, 36)
,(3, 45)
,(3, 46)
,(4, 10)
,(4, 20)
,(4, 30)
,(4, 40)
,(4, 53)
,(5, 11)
,(5, 12)
,(5, 14)
,(5, 18)
,(6, 29)
,(6, 49)
,(6, 58)
,(7, 17)
,(7, 59)
,(8, 21)
,(8, 31)
,(8, 39)
,(8, 48)
,(9, 23)
,(9, 41)
,(9, 52)
,(10, 24)
,(11, 28)
,(11, 32)
,(11, 55)
,(12, 27)
,(13, 33)
,(14, 42)
,(15, 34)
,(15, 44)
,(15, 57)
,(16, 38)
,(17, 37)
,(18, 43)
,(19, 47)
,(20, 50)
,(21, 51)
,(22, 56)
,(23, 60);

# create episodes records
INSERT INTO episodes(episode_id, _year, _order, chef_id_of_winner) VALUES(1, 2020, 1, 7)
,(2, 2020, 2, 41)
,(3, 2020, 3, 29)
,(4, 2020, 4, 24)
,(5, 2020, 5, 51)
,(6, 2020, 6, 57)
,(7, 2020, 7, 33)
,(8, 2020, 8, 27)
,(9, 2020, 9, 6)
,(10, 2020, 10, 6)
,(11, 2021, 1, 29)
,(12, 2021, 2, 15)
,(13, 2021, 3, 4)
,(14, 2021, 4, 42)
,(15, 2021, 5, 20)
,(16, 2021, 6, 17)
,(17, 2021, 7, 50)
,(18, 2021, 8, 11)
,(19, 2021, 9, 59)
,(20, 2021, 10, 42)
,(21, 2022, 1, 1)
,(22, 2022, 2, 49)
,(23, 2022, 3, 23)
,(24, 2022, 4, 53)
,(25, 2022, 5, 35)
,(26, 2022, 6, 39)
,(27, 2022, 7, 5)
,(28, 2022, 8, 32)
,(29, 2022, 9, 25)
,(30, 2022, 10, 11)
,(31, 2023, 1, 25)
,(32, 2023, 2, 39)
,(33, 2023, 3, 10)
,(34, 2023, 4, 21)
,(35, 2023, 5, 38)
,(36, 2023, 6, 18)
,(37, 2023, 7, 2)
,(38, 2023, 8, 34)
,(39, 2023, 9, 12)
,(40, 2023, 10, 32)
,(41, 2024, 1, 17)
,(42, 2024, 2, 34)
,(43, 2024, 3, 5)
,(44, 2024, 4, 41)
,(45, 2024, 5, 40)
,(46, 2024, 6, 35)
,(47, 2024, 7, 34)
,(48, 2024, 8, 10)
,(49, 2024, 9, 30)
,(50, 2024, 10, 55);

# create episode list records
INSERT INTO episode_list(episode_id, rec_id, chef_id, cuisine) VALUES(1, 59, 7, 'American')
,(1, 9, 15, 'Thai')
,(1, 49, 37, 'Indian')
,(1, 21, 21, 'Italian')
,(1, 18, 45, 'Greek')
,(1, 66, 34, 'Mexican')
,(1, 7, 13, 'Chinese')
,(1, 12, 18, 'French')
,(1, 67, 20, 'Japanese')
,(1, 20, 14, 'Spanish')
,(2, 26, 3, 'American')
,(2, 39, 41, 'Thai')
,(2, 35, 20, 'Indian')
,(2, 64, 5, 'Italian')
,(2, 18, 16, 'Greek')
,(2, 56, 49, 'Mexican')
,(2, 37, 6, 'Chinese')
,(2, 42, 24, 'French')
,(2, 24, 38, 'Japanese')
,(2, 40, 55, 'Spanish')
,(3, 59, 7, 'American')
,(3, 39, 15, 'Thai')
,(3, 58, 16, 'Indian')
,(3, 48, 14, 'Italian')
,(3, 28, 4, 'Greek')
,(3, 23, 29, 'Mexican')
,(3, 27, 26, 'Chinese')
,(3, 22, 11, 'French')
,(3, 4, 56, 'Japanese')
,(3, 30, 58, 'Spanish')
,(4, 26, 25, 'American')
,(4, 9, 8, 'Thai')
,(4, 58, 16, 'Indian')
,(4, 41, 53, 'Italian')
,(4, 28, 24, 'Greek')
,(4, 13, 42, 'Mexican')
,(4, 47, 15, 'Chinese')
,(4, 51, 11, 'French')
,(4, 14, 38, 'Japanese')
,(4, 30, 29, 'Spanish')
,(5, 26, 44, 'American')
,(5, 62, 33, 'Thai')
,(5, 35, 37, 'Indian')
,(5, 31, 24, 'Italian')
,(5, 38, 11, 'Greek')
,(5, 13, 23, 'Mexican')
,(5, 60, 51, 'Chinese')
,(5, 32, 1, 'French')
,(5, 24, 12, 'Japanese')
,(5, 53, 40, 'Spanish')
,(6, 16, 12, 'American')
,(6, 19, 17, 'Thai')
,(6, 15, 9, 'Indian')
,(6, 48, 57, 'Italian')
,(6, 8, 4, 'Greek')
,(6, 33, 8, 'Mexican')
,(6, 60, 20, 'Chinese')
,(6, 32, 1, 'French')
,(6, 44, 46, 'Japanese')
,(6, 20, 22, 'Spanish')
,(7, 59, 7, 'American')
,(7, 39, 56, 'Thai')
,(7, 25, 41, 'Indian')
,(7, 41, 43, 'Italian')
,(7, 8, 19, 'Greek')
,(7, 66, 13, 'Mexican')
,(7, 7, 33, 'Chinese')
,(7, 2, 48, 'French')
,(7, 34, 59, 'Japanese')
,(7, 20, 4, 'Spanish')
,(8, 36, 25, 'American')
,(8, 9, 49, 'Thai')
,(8, 45, 50, 'Indian')
,(8, 48, 53, 'Italian')
,(8, 8, 27, 'Greek')
,(8, 43, 30, 'Mexican')
,(8, 17, 36, 'Chinese')
,(8, 22, 21, 'French')
,(8, 67, 33, 'Japanese')
,(8, 10, 60, 'Spanish')
,(9, 36, 21, 'American')
,(9, 19, 44, 'Thai')
,(9, 15, 13, 'Indian')
,(9, 48, 27, 'Italian')
,(9, 8, 6, 'Greek')
,(9, 13, 25, 'Mexican')
,(9, 37, 22, 'Chinese')
,(9, 65, 14, 'French')
,(9, 4, 5, 'Japanese')
,(9, 20, 48, 'Spanish')
,(10, 59, 12, 'American')
,(10, 9, 17, 'Thai')
,(10, 25, 45, 'Indian')
,(10, 11, 48, 'Italian')
,(10, 38, 6, 'Greek')
,(10, 50, 10, 'Mexican')
,(10, 7, 56, 'Chinese')
,(10, 65, 1, 'French')
,(10, 44, 26, 'Japanese')
,(10, 40, 19, 'Spanish')
,(11, 36, 7, 'American')
,(11, 9, 44, 'Thai')
,(11, 35, 34, 'Indian')
,(11, 54, 53, 'Italian')
,(11, 8, 29, 'Greek')
,(11, 56, 25, 'Mexican')
,(11, 60, 49, 'Chinese')
,(11, 32, 39, 'French')
,(11, 14, 16, 'Japanese')
,(11, 53, 43, 'Spanish')
,(12, 36, 25, 'American')
,(12, 19, 15, 'Thai')
,(12, 68, 58, 'Indian')
,(12, 54, 35, 'Italian')
,(12, 8, 22, 'Greek')
,(12, 43, 38, 'Mexican')
,(12, 70, 17, 'Chinese')
,(12, 55, 24, 'French')
,(12, 4, 59, 'Japanese')
,(12, 40, 14, 'Spanish')
,(13, 36, 2, 'American')
,(13, 19, 44, 'Thai')
,(13, 49, 60, 'Indian')
,(13, 31, 47, 'Italian')
,(13, 18, 4, 'Greek')
,(13, 3, 49, 'Mexican')
,(13, 47, 59, 'Chinese')
,(13, 65, 1, 'French')
,(13, 34, 46, 'Japanese')
,(13, 53, 43, 'Spanish')
,(14, 46, 21, 'American')
,(14, 52, 33, 'Thai')
,(14, 58, 20, 'Indian')
,(14, 48, 9, 'Italian')
,(14, 8, 16, 'Greek')
,(14, 50, 23, 'Mexican')
,(14, 17, 46, 'Chinese')
,(14, 22, 42, 'French')
,(14, 24, 36, 'Japanese')
,(14, 63, 60, 'Spanish')
,(15, 16, 7, 'American')
,(15, 39, 46, 'Thai')
,(15, 35, 31, 'Indian')
,(15, 21, 27, 'Italian')
,(15, 8, 52, 'Greek')
,(15, 43, 30, 'Mexican')
,(15, 47, 20, 'Chinese')
,(15, 2, 1, 'French')
,(15, 57, 51, 'Japanese')
,(15, 40, 38, 'Spanish')
,(16, 6, 21, 'American')
,(16, 19, 17, 'Thai')
,(16, 5, 58, 'Indian')
,(16, 11, 9, 'Italian')
,(16, 8, 4, 'Greek')
,(16, 66, 10, 'Mexican')
,(16, 7, 15, 'Chinese')
,(16, 65, 57, 'French')
,(16, 67, 12, 'Japanese')
,(16, 10, 34, 'Spanish')
,(17, 26, 2, 'American')
,(17, 52, 15, 'Thai')
,(17, 25, 34, 'Indian')
,(17, 21, 4, 'Italian')
,(17, 38, 39, 'Greek')
,(17, 3, 23, 'Mexican')
,(17, 60, 33, 'Chinese')
,(17, 2, 24, 'French')
,(17, 14, 20, 'Japanese')
,(17, 40, 50, 'Spanish')
,(18, 36, 12, 'American')
,(18, 52, 44, 'Thai')
,(18, 49, 58, 'Indian')
,(18, 64, 24, 'Italian')
,(18, 61, 11, 'Greek')
,(18, 66, 30, 'Mexican')
,(18, 60, 41, 'Chinese')
,(18, 22, 55, 'French')
,(18, 67, 38, 'Japanese')
,(18, 53, 60, 'Spanish')
,(19, 46, 7, 'American')
,(19, 52, 17, 'Thai')
,(19, 68, 41, 'Indian')
,(19, 31, 9, 'Italian')
,(19, 8, 3, 'Greek')
,(19, 66, 13, 'Mexican')
,(19, 17, 51, 'Chinese')
,(19, 2, 55, 'French')
,(19, 57, 59, 'Japanese')
,(19, 30, 19, 'Spanish')
,(20, 16, 3, 'American')
,(20, 62, 49, 'Thai')
,(20, 35, 23, 'Indian')
,(20, 31, 14, 'Italian')
,(20, 38, 19, 'Greek')
,(20, 43, 42, 'Mexican')
,(20, 7, 51, 'Chinese')
,(20, 51, 21, 'French')
,(20, 24, 10, 'Japanese')
,(20, 30, 29, 'Spanish')
,(21, 36, 3, 'American')
,(21, 9, 8, 'Thai')
,(21, 45, 52, 'Indian')
,(21, 11, 18, 'Italian')
,(21, 8, 40, 'Greek')
,(21, 66, 8, 'Mexican')
,(21, 60, 56, 'Chinese')
,(21, 22, 11, 'French')
,(21, 24, 1, 'Japanese')
,(21, 40, 48, 'Spanish')
,(22, 6, 21, 'American')
,(22, 9, 49, 'Thai')
,(22, 68, 45, 'Indian')
,(22, 64, 32, 'Italian')
,(22, 18, 40, 'Greek')
,(22, 13, 16, 'Mexican')
,(22, 27, 56, 'Chinese')
,(22, 32, 24, 'French')
,(22, 24, 28, 'Japanese')
,(22, 30, 14, 'Spanish')
,(23, 69, 21, 'American')
,(23, 9, 36, 'Thai')
,(23, 35, 23, 'Indian')
,(23, 41, 18, 'Italian')
,(23, 38, 35, 'Greek')
,(23, 33, 30, 'Mexican')
,(23, 47, 44, 'Chinese')
,(23, 42, 9, 'French')
,(23, 57, 38, 'Japanese')
,(23, 63, 14, 'Spanish')
,(24, 26, 21, 'American')
,(24, 29, 44, 'Thai')
,(24, 15, 45, 'Indian')
,(24, 1, 30, 'Italian')
,(24, 18, 19, 'Greek')
,(24, 50, 42, 'Mexican')
,(24, 70, 15, 'Chinese')
,(24, 65, 53, 'French')
,(24, 34, 59, 'Japanese')
,(24, 63, 40, 'Spanish')
,(25, 36, 44, 'American')
,(25, 52, 49, 'Thai')
,(25, 25, 27, 'Indian')
,(25, 31, 30, 'Italian')
,(25, 61, 35, 'Greek')
,(25, 56, 16, 'Mexican')
,(25, 17, 13, 'Chinese')
,(25, 22, 24, 'French')
,(25, 34, 38, 'Japanese')
,(25, 10, 52, 'Spanish')
,(26, 59, 7, 'American')
,(26, 9, 33, 'Thai')
,(26, 35, 20, 'Indian')
,(26, 1, 5, 'Italian')
,(26, 61, 39, 'Greek')
,(26, 23, 8, 'Mexican')
,(26, 70, 31, 'Chinese')
,(26, 51, 14, 'French')
,(26, 34, 51, 'Japanese')
,(26, 10, 6, 'Spanish')
,(27, 59, 7, 'American')
,(27, 9, 6, 'Thai')
,(27, 58, 41, 'Indian')
,(27, 41, 5, 'Italian')
,(27, 61, 39, 'Greek')
,(27, 23, 25, 'Mexican')
,(27, 27, 12, 'Chinese')
,(27, 55, 11, 'French')
,(27, 34, 53, 'Japanese')
,(27, 30, 55, 'Spanish')
,(28, 6, 12, 'American')
,(28, 52, 31, 'Thai')
,(28, 5, 58, 'Indian')
,(28, 54, 18, 'Italian')
,(28, 38, 32, 'Greek')
,(28, 23, 2, 'Mexican')
,(28, 17, 22, 'Chinese')
,(28, 65, 35, 'French')
,(28, 4, 15, 'Japanese')
,(28, 63, 55, 'Spanish')
,(29, 16, 2, 'American')
,(29, 62, 36, 'Thai')
,(29, 5, 37, 'Indian')
,(29, 11, 42, 'Italian')
,(29, 61, 32, 'Greek')
,(29, 43, 25, 'Mexican')
,(29, 27, 33, 'Chinese')
,(29, 51, 24, 'French')
,(29, 67, 5, 'Japanese')
,(29, 20, 38, 'Spanish')
,(30, 26, 25, 'American')
,(30, 62, 59, 'Thai')
,(30, 68, 37, 'Indian')
,(30, 54, 9, 'Italian')
,(30, 28, 11, 'Greek')
,(30, 23, 42, 'Mexican')
,(30, 7, 28, 'Chinese')
,(30, 2, 39, 'French')
,(30, 34, 53, 'Japanese')
,(30, 53, 48, 'Spanish')
,(31, 36, 12, 'American')
,(31, 29, 56, 'Thai')
,(31, 35, 40, 'Indian')
,(31, 11, 27, 'Italian')
,(31, 8, 50, 'Greek')
,(31, 3, 25, 'Mexican')
,(31, 17, 28, 'Chinese')
,(31, 22, 5, 'French')
,(31, 4, 53, 'Japanese')
,(31, 20, 14, 'Spanish')
,(32, 46, 25, 'American')
,(32, 39, 46, 'Thai')
,(32, 5, 37, 'Indian')
,(32, 31, 14, 'Italian')
,(32, 8, 39, 'Greek')
,(32, 66, 17, 'Mexican')
,(32, 7, 36, 'Chinese')
,(32, 12, 35, 'French')
,(32, 14, 15, 'Japanese')
,(32, 20, 50, 'Spanish')
,(33, 6, 44, 'American')
,(33, 9, 56, 'Thai')
,(33, 58, 34, 'Indian')
,(33, 54, 4, 'Italian')
,(33, 8, 24, 'Greek')
,(33, 3, 49, 'Mexican')
,(33, 27, 31, 'Chinese')
,(33, 65, 35, 'French')
,(33, 44, 10, 'Japanese')
,(33, 53, 54, 'Spanish')
,(34, 36, 2, 'American')
,(34, 39, 6, 'Thai')
,(34, 45, 54, 'Indian')
,(34, 54, 43, 'Italian')
,(34, 61, 29, 'Greek')
,(34, 50, 10, 'Mexican')
,(34, 17, 22, 'Chinese')
,(34, 32, 21, 'French')
,(34, 24, 20, 'Japanese')
,(34, 20, 29, 'Spanish')
,(35, 36, 44, 'American')
,(35, 39, 28, 'Thai')
,(35, 25, 45, 'Indian')
,(35, 54, 11, 'Italian')
,(35, 61, 37, 'Greek')
,(35, 23, 23, 'Mexican')
,(35, 60, 20, 'Chinese')
,(35, 32, 39, 'French')
,(35, 24, 38, 'Japanese')
,(35, 10, 55, 'Spanish')
,(36, 36, 7, 'American')
,(36, 52, 30, 'Thai')
,(36, 25, 31, 'Indian')
,(36, 11, 32, 'Italian')
,(36, 38, 45, 'Greek')
,(36, 33, 18, 'Mexican')
,(36, 70, 22, 'Chinese')
,(36, 2, 53, 'French')
,(36, 57, 28, 'Japanese')
,(36, 30, 54, 'Spanish')
,(37, 69, 2, 'American')
,(37, 29, 33, 'Thai')
,(37, 5, 31, 'Indian')
,(37, 31, 43, 'Italian')
,(37, 28, 35, 'Greek')
,(37, 66, 34, 'Mexican')
,(37, 47, 7, 'Chinese')
,(37, 65, 57, 'French')
,(37, 44, 20, 'Japanese')
,(37, 53, 29, 'Spanish')
,(38, 59, 44, 'American')
,(38, 19, 36, 'Thai')
,(38, 49, 58, 'Indian')
,(38, 11, 24, 'Italian')
,(38, 18, 27, 'Greek')
,(38, 66, 16, 'Mexican')
,(38, 17, 17, 'Chinese')
,(38, 51, 32, 'French')
,(38, 14, 5, 'Japanese')
,(38, 10, 34, 'Spanish')
,(39, 46, 2, 'American')
,(39, 29, 33, 'Thai')
,(39, 45, 58, 'Indian')
,(39, 1, 48, 'Italian')
,(39, 61, 39, 'Greek')
,(39, 33, 8, 'Mexican')
,(39, 7, 12, 'Chinese')
,(39, 2, 11, 'French')
,(39, 57, 10, 'Japanese')
,(39, 10, 4, 'Spanish')
,(40, 26, 12, 'American')
,(40, 19, 51, 'Thai')
,(40, 35, 58, 'Indian')
,(40, 48, 14, 'Italian')
,(40, 61, 32, 'Greek')
,(40, 56, 42, 'Mexican')
,(40, 7, 22, 'Chinese')
,(40, 42, 57, 'French')
,(40, 24, 38, 'Japanese')
,(40, 40, 19, 'Spanish')
,(41, 6, 25, 'American')
,(41, 19, 36, 'Thai')
,(41, 15, 45, 'Indian')
,(41, 11, 57, 'Italian')
,(41, 18, 3, 'Greek')
,(41, 33, 30, 'Mexican')
,(41, 7, 17, 'Chinese')
,(41, 12, 18, 'French')
,(41, 14, 20, 'Japanese')
,(41, 40, 58, 'Spanish')
,(42, 26, 12, 'American')
,(42, 62, 56, 'Thai')
,(42, 58, 23, 'Indian')
,(42, 41, 9, 'Italian')
,(42, 28, 3, 'Greek')
,(42, 66, 17, 'Mexican')
,(42, 47, 26, 'Chinese')
,(42, 42, 35, 'French')
,(42, 14, 59, 'Japanese')
,(42, 30, 34, 'Spanish')
,(43, 69, 25, 'American')
,(43, 19, 46, 'Thai')
,(43, 58, 37, 'Indian')
,(43, 31, 1, 'Italian')
,(43, 18, 6, 'Greek')
,(43, 50, 10, 'Mexican')
,(43, 7, 26, 'Chinese')
,(43, 12, 39, 'French')
,(43, 4, 5, 'Japanese')
,(43, 10, 50, 'Spanish')
,(44, 36, 7, 'American')
,(44, 39, 26, 'Thai')
,(44, 58, 27, 'Indian')
,(44, 64, 35, 'Italian')
,(44, 28, 37, 'Greek')
,(44, 43, 49, 'Mexican')
,(44, 70, 41, 'Chinese')
,(44, 12, 11, 'French')
,(44, 4, 12, 'Japanese')
,(44, 53, 6, 'Spanish')
,(45, 6, 21, 'American')
,(45, 9, 30, 'Thai')
,(45, 5, 20, 'Indian')
,(45, 1, 11, 'Italian')
,(45, 8, 40, 'Greek')
,(45, 23, 29, 'Mexican')
,(45, 60, 7, 'Chinese')
,(45, 32, 14, 'French')
,(45, 24, 15, 'Japanese')
,(45, 10, 60, 'Spanish')
,(46, 46, 44, 'American')
,(46, 62, 6, 'Thai')
,(46, 5, 16, 'Indian')
,(46, 64, 48, 'Italian')
,(46, 61, 29, 'Greek')
,(46, 13, 2, 'Mexican')
,(46, 37, 41, 'Chinese')
,(46, 42, 35, 'French')
,(46, 24, 5, 'Japanese')
,(46, 10, 25, 'Spanish')
,(47, 26, 3, 'American')
,(47, 29, 49, 'Thai')
,(47, 15, 34, 'Indian')
,(47, 48, 4, 'Italian')
,(47, 18, 11, 'Greek')
,(47, 33, 18, 'Mexican')
,(47, 60, 44, 'Chinese')
,(47, 12, 14, 'French')
,(47, 34, 53, 'Japanese')
,(47, 53, 55, 'Spanish')
,(48, 36, 12, 'American')
,(48, 9, 31, 'Thai')
,(48, 15, 23, 'Indian')
,(48, 41, 9, 'Italian')
,(48, 8, 57, 'Greek')
,(48, 3, 10, 'Mexican')
,(48, 60, 2, 'Chinese')
,(48, 42, 48, 'French')
,(48, 57, 1, 'Japanese')
,(48, 63, 60, 'Spanish')
,(49, 36, 21, 'American')
,(49, 52, 30, 'Thai')
,(49, 49, 41, 'Indian')
,(49, 1, 43, 'Italian')
,(49, 8, 37, 'Greek')
,(49, 66, 18, 'Mexican')
,(49, 70, 44, 'Chinese')
,(49, 42, 32, 'French')
,(49, 34, 20, 'Japanese')
,(49, 20, 45, 'Spanish')
,(50, 69, 21, 'American')
,(50, 19, 17, 'Thai')
,(50, 35, 60, 'Indian')
,(50, 21, 55, 'Italian')
,(50, 8, 24, 'Greek')
,(50, 50, 2, 'Mexican')
,(50, 7, 15, 'Chinese')
,(50, 42, 23, 'French')
,(50, 24, 51, 'Japanese')
,(50, 53, 43, 'Spanish');

# create episode judges records
INSERT INTO episode_judges(episode_id, chef_id) VALUES(1, 46)
,(1, 47)
,(1, 48)
,(2, 25)
,(2, 26)
,(2, 27)
,(3, 8)
,(3, 9)
,(3, 10)
,(4, 1)
,(4, 2)
,(4, 3)
,(5, 7)
,(5, 8)
,(5, 9)
,(6, 13)
,(6, 14)
,(6, 15)
,(7, 20)
,(7, 21)
,(7, 22)
,(8, 7)
,(8, 8)
,(8, 9)
,(9, 2)
,(9, 3)
,(9, 4)
,(10, 2)
,(10, 3)
,(10, 4)
,(11, 1)
,(11, 2)
,(11, 3)
,(12, 1)
,(12, 2)
,(12, 3)
,(13, 5)
,(13, 6)
,(13, 7)
,(14, 1)
,(14, 2)
,(14, 3)
,(15, 21)
,(15, 22)
,(15, 23)
,(16, 5)
,(16, 6)
,(16, 7)
,(17, 41)
,(17, 42)
,(17, 43)
,(18, 7)
,(18, 8)
,(18, 9)
,(19, 2)
,(19, 5)
,(19, 4)
,(20, 5)
,(20, 6)
,(20, 7)
,(21, 12)
,(21, 13)
,(21, 14)
,(22, 1)
,(22, 2)
,(22, 3)
,(23, 5)
,(23, 6)
,(23, 7)
,(24, 11)
,(24, 12)
,(24, 13)
,(25, 5)
,(25, 6)
,(25, 7)
,(26, 1)
,(26, 2)
,(26, 3)
,(27, 8)
,(27, 9)
,(27, 10)
,(28, 4)
,(28, 5)
,(28, 6)
,(29, 7)
,(29, 8)
,(29, 9)
,(30, 1)
,(30, 2)
,(30, 3)
,(31, 1)
,(31, 2)
,(31, 3)
,(32, 5)
,(32, 6)
,(32, 7)
,(33, 8)
,(33, 9)
,(33, 3)
,(34, 3)
,(34, 4)
,(34, 5)
,(35, 1)
,(35, 2)
,(35, 3)
,(36, 3)
,(36, 4)
,(36, 5)
,(37, 44)
,(37, 45)
,(37, 46)
,(38, 21)
,(38, 22)
,(38, 23)
,(39, 13)
,(39, 14)
,(39, 15)
,(40, 1)
,(40, 2)
,(40, 3)
,(41, 13)
,(41, 14)
,(41, 15)
,(42, 4)
,(42, 5)
,(42, 6)
,(43, 2)
,(43, 3)
,(43, 4)
,(44, 13)
,(44, 14)
,(44, 15)
,(45, 8)
,(45, 9)
,(45, 10)
,(46, 11)
,(46, 12)
,(46, 14)
,(47, 21)
,(47, 22)
,(47, 23)
,(48, 14)
,(48, 15)
,(48, 16)
,(49, 1)
,(49, 2)
,(49, 3)
,(50, 11)
,(50, 12)
,(50, 14);

# create ratings records
INSERT INTO ratings(rate_id, chef_id, episode_id, Rating_1, Rating_2, Rating_3) VALUES(46, 7, 1, 4, 1, 3)
,(47, 15, 1, 3, 4, 5)
,(48, 37, 1, 2, 1, 1)
,(49, 21, 1, 4, 4, 4)
,(50, 45, 1, 5, 1, 2)
,(51, 34, 1, 4, 5, 1)
,(52, 13, 1, 3, 1, 4)
,(53, 18, 1, 4, 1, 1)
,(54, 20, 1, 4, 3, 5)
,(55, 14, 1, 5, 4, 1)
,(56, 3, 2, 3, 4, 3)
,(57, 41, 2, 1, 4, 5)
,(58, 20, 2, 5, 2, 2)
,(59, 5, 2, 2, 5, 2)
,(60, 16, 2, 1, 1, 5)
,(61, 49, 2, 1, 3, 3)
,(62, 6, 2, 5, 2, 3)
,(63, 24, 2, 4, 1, 2)
,(64, 38, 2, 2, 4, 4)
,(65, 55, 2, 3, 5, 1)
,(66, 7, 3, 3, 4, 5)
,(67, 15, 3, 1, 2, 2)
,(68, 16, 3, 4, 2, 3)
,(69, 14, 3, 1, 3, 4)
,(70, 4, 3, 2, 2, 3)
,(71, 29, 3, 5, 1, 1)
,(72, 26, 3, 2, 4, 4)
,(73, 11, 3, 2, 4, 4)
,(74, 56, 3, 5, 4, 3)
,(75, 58, 3, 4, 3, 2)
,(76, 25, 4, 3, 1, 3)
,(77, 8, 4, 4, 4, 4)
,(78, 16, 4, 2, 2, 3)
,(79, 53, 4, 2, 4, 3)
,(80, 24, 4, 4, 3, 5)
,(81, 42, 4, 1, 3, 1)
,(82, 15, 4, 2, 2, 4)
,(83, 11, 4, 2, 1, 5)
,(84, 38, 4, 4, 2, 4)
,(85, 29, 4, 5, 1, 3)
,(86, 44, 5, 2, 2, 3)
,(87, 33, 5, 3, 1, 5)
,(88, 37, 5, 3, 3, 2)
,(89, 24, 5, 3, 1, 1)
,(90, 11, 5, 2, 5, 3)
,(91, 23, 5, 1, 1, 5)
,(92, 51, 5, 1, 5, 2)
,(93, 1, 5, 5, 2, 4)
,(94, 12, 5, 1, 1, 1)
,(95, 40, 5, 3, 4, 2)
,(96, 12, 6, 4, 4, 4)
,(97, 17, 6, 4, 5, 3)
,(98, 9, 6, 2, 5, 1)
,(99, 57, 6, 2, 2, 1)
,(100, 4, 6, 4, 4, 4)
,(101, 8, 6, 2, 3, 1)
,(102, 20, 6, 2, 5, 1)
,(103, 1, 6, 2, 1, 2)
,(104, 46, 6, 3, 1, 4)
,(105, 22, 6, 5, 3, 3)
,(106, 7, 7, 4, 4, 3)
,(107, 56, 7, 5, 2, 1)
,(108, 41, 7, 5, 5, 2)
,(109, 43, 7, 3, 3, 5)
,(110, 19, 7, 1, 4, 3)
,(111, 13, 7, 5, 4, 3)
,(112, 33, 7, 1, 5, 2)
,(113, 48, 7, 3, 1, 1)
,(114, 59, 7, 2, 2, 3)
,(115, 4, 7, 5, 4, 2)
,(116, 25, 8, 4, 2, 1)
,(117, 49, 8, 5, 2, 4)
,(118, 50, 8, 2, 3, 3)
,(119, 53, 8, 1, 1, 2)
,(120, 27, 8, 5, 2, 1)
,(121, 30, 8, 3, 4, 4)
,(122, 36, 8, 4, 5, 1)
,(123, 21, 8, 4, 2, 4)
,(124, 33, 8, 1, 3, 1)
,(125, 60, 8, 2, 2, 1)
,(126, 21, 9, 1, 3, 5)
,(127, 44, 9, 2, 1, 1)
,(128, 13, 9, 1, 2, 1)
,(129, 27, 9, 3, 5, 2)
,(130, 6, 9, 1, 5, 2)
,(131, 25, 9, 2, 5, 5)
,(132, 22, 9, 2, 3, 5)
,(133, 14, 9, 3, 4, 5)
,(134, 5, 9, 3, 3, 5)
,(135, 48, 9, 3, 4, 4)
,(136, 12, 10, 5, 5, 1)
,(137, 17, 10, 5, 4, 3)
,(138, 45, 10, 4, 4, 3)
,(139, 48, 10, 2, 1, 5)
,(140, 6, 10, 2, 3, 2)
,(141, 10, 10, 1, 3, 2)
,(142, 56, 10, 3, 3, 3)
,(143, 1, 10, 1, 5, 1)
,(144, 26, 10, 1, 3, 4)
,(145, 19, 10, 2, 5, 2)
,(146, 7, 11, 1, 2, 4)
,(147, 44, 11, 5, 4, 3)
,(148, 34, 11, 5, 4, 3)
,(149, 53, 11, 2, 4, 5)
,(150, 29, 11, 5, 4, 2)
,(151, 25, 11, 5, 2, 5)
,(152, 49, 11, 1, 5, 3)
,(153, 39, 11, 4, 5, 3)
,(154, 16, 11, 5, 4, 1)
,(155, 43, 11, 2, 1, 1)
,(156, 25, 12, 5, 5, 3)
,(157, 15, 12, 1, 3, 2)
,(158, 58, 12, 2, 1, 5)
,(159, 35, 12, 3, 5, 4)
,(160, 22, 12, 2, 5, 1)
,(161, 38, 12, 5, 2, 5)
,(162, 17, 12, 4, 2, 2)
,(163, 24, 12, 4, 5, 1)
,(164, 59, 12, 5, 2, 3)
,(165, 14, 12, 3, 1, 4)
,(166, 2, 13, 4, 1, 2)
,(167, 44, 13, 3, 4, 3)
,(168, 60, 13, 5, 1, 5)
,(169, 47, 13, 5, 3, 4)
,(170, 4, 13, 1, 4, 3)
,(171, 49, 13, 3, 2, 2)
,(172, 59, 13, 5, 2, 5)
,(173, 1, 13, 2, 2, 2)
,(174, 46, 13, 5, 1, 1)
,(175, 43, 13, 4, 5, 1)
,(176, 21, 14, 2, 2, 3)
,(177, 33, 14, 4, 2, 2)
,(178, 20, 14, 2, 3, 5)
,(179, 9, 14, 4, 2, 5)
,(180, 16, 14, 1, 3, 1)
,(181, 23, 14, 2, 2, 3)
,(182, 46, 14, 2, 4, 3)
,(183, 42, 14, 3, 2, 1)
,(184, 36, 14, 4, 3, 4)
,(185, 60, 14, 5, 2, 3)
,(186, 7, 15, 2, 5, 4)
,(187, 46, 15, 1, 4, 5)
,(188, 31, 15, 1, 1, 1)
,(189, 27, 15, 2, 2, 3)
,(190, 52, 15, 5, 3, 5)
,(191, 30, 15, 4, 3, 4)
,(192, 20, 15, 5, 2, 2)
,(193, 1, 15, 1, 4, 5)
,(194, 51, 15, 1, 5, 1)
,(195, 38, 15, 5, 3, 2)
,(196, 21, 16, 4, 4, 3)
,(197, 17, 16, 1, 4, 1)
,(198, 58, 16, 2, 5, 2)
,(199, 9, 16, 2, 3, 2)
,(200, 4, 16, 4, 3, 4)
,(201, 10, 16, 5, 5, 1)
,(202, 15, 16, 5, 2, 2)
,(203, 57, 16, 5, 5, 5)
,(204, 12, 16, 4, 4, 5)
,(205, 34, 16, 2, 3, 2)
,(206, 2, 17, 5, 2, 4)
,(207, 15, 17, 1, 5, 3)
,(208, 34, 17, 2, 4, 3)
,(209, 4, 17, 2, 1, 5)
,(210, 39, 17, 3, 2, 5)
,(211, 23, 17, 1, 5, 4)
,(212, 33, 17, 3, 3, 4)
,(213, 24, 17, 4, 4, 3)
,(214, 20, 17, 2, 5, 3)
,(215, 50, 17, 1, 3, 3)
,(216, 12, 18, 1, 5, 5)
,(217, 44, 18, 1, 4, 2)
,(218, 58, 18, 4, 4, 1)
,(219, 24, 18, 2, 3, 3)
,(220, 11, 18, 3, 4, 4)
,(221, 30, 18, 1, 5, 2)
,(222, 41, 18, 4, 1, 5)
,(223, 55, 18, 2, 5, 4)
,(224, 38, 18, 4, 4, 4)
,(225, 60, 18, 1, 1, 4)
,(226, 7, 19, 4, 3, 1)
,(227, 17, 19, 1, 2, 5)
,(228, 41, 19, 5, 1, 3)
,(229, 9, 19, 5, 1, 1)
,(230, 3, 19, 5, 5, 4)
,(231, 13, 19, 2, 1, 4)
,(232, 51, 19, 3, 3, 5)
,(233, 55, 19, 5, 5, 2)
,(234, 59, 19, 4, 5, 4)
,(235, 19, 19, 4, 4, 3)
,(236, 3, 20, 5, 4, 1)
,(237, 49, 20, 1, 4, 5)
,(238, 23, 20, 1, 5, 2)
,(239, 14, 20, 1, 5, 5)
,(240, 19, 20, 4, 3, 3)
,(241, 42, 20, 1, 3, 4)
,(242, 51, 20, 5, 5, 2)
,(243, 21, 20, 2, 2, 1)
,(244, 10, 20, 3, 1, 3)
,(245, 29, 20, 4, 5, 2)
,(246, 3, 21, 5, 4, 2)
,(247, 8, 21, 1, 4, 4)
,(248, 52, 21, 1, 4, 5)
,(249, 18, 21, 5, 3, 4)
,(250, 40, 21, 2, 5, 3)
,(251, 8, 21, 3, 1, 2)
,(252, 56, 21, 1, 3, 1)
,(253, 11, 21, 5, 1, 1)
,(254, 1, 21, 1, 1, 5)
,(255, 48, 21, 2, 3, 4)
,(256, 21, 22, 4, 2, 4)
,(257, 49, 22, 5, 3, 5)
,(258, 45, 22, 2, 4, 1)
,(259, 32, 22, 1, 5, 2)
,(260, 40, 22, 3, 1, 1)
,(261, 16, 22, 1, 2, 4)
,(262, 56, 22, 2, 3, 5)
,(263, 24, 22, 5, 5, 4)
,(264, 28, 22, 4, 4, 1)
,(265, 14, 22, 4, 3, 2)
,(266, 21, 23, 3, 3, 5)
,(267, 36, 23, 3, 1, 2)
,(268, 23, 23, 1, 3, 1)
,(269, 18, 23, 2, 2, 4)
,(270, 35, 23, 1, 4, 2)
,(271, 30, 23, 5, 5, 4)
,(272, 44, 23, 3, 5, 4)
,(273, 9, 23, 2, 5, 3)
,(274, 38, 23, 4, 1, 4)
,(275, 14, 23, 3, 1, 4)
,(276, 21, 24, 5, 3, 2)
,(277, 44, 24, 4, 4, 2)
,(278, 45, 24, 5, 5, 2)
,(279, 30, 24, 2, 5, 4)
,(280, 19, 24, 4, 1, 2)
,(281, 42, 24, 4, 1, 5)
,(282, 15, 24, 3, 3, 3)
,(283, 53, 24, 2, 4, 3)
,(284, 59, 24, 5, 2, 5)
,(285, 40, 24, 4, 2, 3)
,(286, 44, 25, 1, 3, 1)
,(287, 49, 25, 2, 3, 1)
,(288, 27, 25, 3, 1, 3)
,(289, 30, 25, 4, 4, 4)
,(290, 35, 25, 3, 5, 4)
,(291, 16, 25, 2, 2, 5)
,(292, 13, 25, 3, 1, 2)
,(293, 24, 25, 2, 2, 1)
,(294, 38, 25, 5, 3, 5)
,(295, 52, 25, 1, 1, 4)
,(296, 7, 26, 4, 3, 3)
,(297, 33, 26, 3, 2, 3)
,(298, 20, 26, 4, 3, 5)
,(299, 5, 26, 2, 4, 2)
,(300, 39, 26, 3, 1, 5)
,(301, 8, 26, 1, 5, 2)
,(302, 31, 26, 4, 2, 2)
,(303, 14, 26, 2, 3, 4)
,(304, 51, 26, 3, 5, 1)
,(305, 6, 26, 2, 3, 4)
,(306, 7, 27, 4, 4, 5)
,(307, 6, 27, 3, 4, 2)
,(308, 41, 27, 3, 5, 3)
,(309, 5, 27, 1, 5, 3)
,(310, 39, 27, 1, 2, 1)
,(311, 25, 27, 2, 5, 4)
,(312, 12, 27, 4, 2, 3)
,(313, 11, 27, 5, 2, 1)
,(314, 53, 27, 3, 3, 3)
,(315, 55, 27, 4, 4, 3)
,(316, 12, 28, 5, 2, 4)
,(317, 31, 28, 5, 1, 2)
,(318, 58, 28, 5, 4, 1)
,(319, 18, 28, 4, 1, 2)
,(320, 32, 28, 1, 5, 1)
,(321, 2, 28, 3, 3, 4)
,(322, 22, 28, 1, 3, 5)
,(323, 35, 28, 3, 5, 4)
,(324, 15, 28, 4, 4, 2)
,(325, 55, 28, 3, 4, 3)
,(326, 2, 29, 4, 2, 5)
,(327, 36, 29, 3, 1, 4)
,(328, 37, 29, 3, 3, 4)
,(329, 42, 29, 5, 2, 5)
,(330, 32, 29, 1, 5, 3)
,(331, 25, 29, 1, 3, 4)
,(332, 33, 29, 1, 4, 5)
,(333, 24, 29, 4, 5, 2)
,(334, 5, 29, 5, 4, 3)
,(335, 38, 29, 4, 5, 1)
,(336, 25, 30, 3, 2, 1)
,(337, 59, 30, 2, 3, 2)
,(338, 37, 30, 2, 5, 2)
,(339, 9, 30, 2, 4, 1)
,(340, 11, 30, 4, 5, 4)
,(341, 42, 30, 4, 5, 2)
,(342, 28, 30, 4, 5, 2)
,(343, 39, 30, 1, 4, 2)
,(344, 53, 30, 3, 1, 1)
,(345, 48, 30, 4, 5, 1)
,(346, 12, 31, 2, 1, 1)
,(347, 56, 31, 5, 4, 5)
,(348, 40, 31, 1, 2, 2)
,(349, 27, 31, 3, 3, 3)
,(350, 50, 31, 1, 2, 1)
,(351, 25, 31, 2, 3, 4)
,(352, 28, 31, 3, 2, 5)
,(353, 5, 31, 5, 4, 3)
,(354, 53, 31, 1, 3, 2)
,(355, 14, 31, 3, 1, 2)
,(356, 25, 32, 4, 5, 3)
,(357, 46, 32, 4, 4, 3)
,(358, 37, 32, 1, 5, 2)
,(359, 14, 32, 2, 4, 5)
,(360, 39, 32, 3, 2, 3)
,(361, 17, 32, 5, 3, 2)
,(362, 36, 32, 2, 3, 2)
,(363, 35, 32, 4, 4, 2)
,(364, 15, 32, 2, 1, 5)
,(365, 50, 32, 2, 4, 4)
,(366, 44, 33, 1, 3, 2)
,(367, 56, 33, 1, 5, 5)
,(368, 34, 33, 5, 5, 5)
,(369, 4, 33, 3, 1, 4)
,(370, 24, 33, 5, 1, 1)
,(371, 49, 33, 5, 4, 1)
,(372, 31, 33, 4, 4, 5)
,(373, 35, 33, 1, 2, 5)
,(374, 10, 33, 2, 4, 4)
,(375, 54, 33, 4, 2, 1)
,(376, 2, 34, 5, 3, 4)
,(377, 6, 34, 2, 5, 4)
,(378, 54, 34, 1, 1, 1)
,(379, 43, 34, 3, 2, 2)
,(380, 29, 34, 2, 2, 3)
,(381, 10, 34, 5, 4, 4)
,(382, 22, 34, 2, 1, 5)
,(383, 21, 34, 1, 1, 4)
,(384, 20, 34, 1, 4, 3)
,(385, 29, 34, 2, 3, 3)
,(386, 44, 35, 1, 3, 5)
,(387, 28, 35, 5, 3, 1)
,(388, 45, 35, 2, 4, 4)
,(389, 11, 35, 4, 4, 1)
,(390, 37, 35, 3, 3, 2)
,(391, 23, 35, 5, 4, 2)
,(392, 20, 35, 3, 1, 5)
,(393, 39, 35, 4, 2, 1)
,(394, 38, 35, 5, 4, 5)
,(395, 55, 35, 5, 1, 2)
,(396, 7, 36, 5, 2, 2)
,(397, 30, 36, 5, 1, 5)
,(398, 31, 36, 4, 5, 2)
,(399, 32, 36, 4, 1, 5)
,(400, 45, 36, 4, 5, 3)
,(401, 18, 36, 2, 2, 1)
,(402, 22, 36, 1, 1, 2)
,(403, 53, 36, 1, 1, 5)
,(404, 28, 36, 4, 2, 1)
,(405, 54, 36, 3, 4, 5)
,(406, 2, 37, 5, 2, 3)
,(407, 33, 37, 2, 3, 2)
,(408, 31, 37, 5, 2, 3)
,(409, 43, 37, 1, 4, 2)
,(410, 35, 37, 4, 2, 3)
,(411, 34, 37, 4, 2, 3)
,(412, 7, 37, 3, 2, 1)
,(413, 57, 37, 3, 1, 2)
,(414, 20, 37, 1, 3, 5)
,(415, 29, 37, 5, 5, 5)
,(416, 44, 38, 5, 2, 2)
,(417, 36, 38, 4, 2, 2)
,(418, 58, 38, 1, 5, 1)
,(419, 24, 38, 4, 4, 1)
,(420, 27, 38, 4, 2, 1)
,(421, 16, 38, 5, 5, 3)
,(422, 17, 38, 4, 3, 5)
,(423, 32, 38, 1, 2, 4)
,(424, 5, 38, 3, 4, 3)
,(425, 34, 38, 1, 3, 2)
,(426, 2, 39, 5, 4, 2)
,(427, 33, 39, 4, 1, 1)
,(428, 58, 39, 5, 3, 5)
,(429, 48, 39, 4, 4, 4)
,(430, 39, 39, 1, 2, 2)
,(431, 8, 39, 2, 5, 4)
,(432, 12, 39, 4, 5, 5)
,(433, 11, 39, 2, 3, 5)
,(434, 10, 39, 4, 4, 3)
,(435, 4, 39, 2, 1, 5)
,(436, 12, 40, 4, 4, 1)
,(437, 51, 40, 3, 5, 2)
,(438, 58, 40, 1, 3, 3)
,(439, 14, 40, 4, 3, 1)
,(440, 32, 40, 4, 2, 3)
,(441, 42, 40, 1, 5, 5)
,(442, 22, 40, 1, 3, 5)
,(443, 57, 40, 1, 4, 3)
,(444, 38, 40, 1, 1, 4)
,(445, 19, 40, 1, 2, 3)
,(446, 25, 41, 2, 1, 2)
,(447, 36, 41, 5, 3, 3)
,(448, 45, 41, 1, 2, 5)
,(449, 57, 41, 4, 3, 3)
,(450, 3, 41, 4, 3, 5)
,(451, 30, 41, 4, 4, 1)
,(452, 17, 41, 3, 1, 4)
,(453, 18, 41, 3, 4, 2)
,(454, 20, 41, 3, 4, 5)
,(455, 58, 41, 5, 3, 4)
,(456, 12, 42, 2, 4, 1)
,(457, 56, 42, 4, 2, 1)
,(458, 23, 42, 2, 3, 4)
,(459, 9, 42, 3, 2, 3)
,(460, 3, 42, 4, 3, 2)
,(461, 17, 42, 4, 1, 3)
,(462, 26, 42, 1, 1, 5)
,(463, 35, 42, 5, 5, 3)
,(464, 59, 42, 3, 2, 2)
,(465, 34, 42, 4, 4, 1)
,(466, 25, 43, 5, 2, 4)
,(467, 46, 43, 1, 5, 1)
,(468, 37, 43, 2, 4, 2)
,(469, 1, 43, 3, 4, 4)
,(470, 6, 43, 3, 2, 1)
,(471, 10, 43, 1, 1, 3)
,(472, 26, 43, 4, 1, 1)
,(473, 39, 43, 5, 4, 5)
,(474, 5, 43, 2, 5, 5)
,(475, 50, 43, 1, 3, 1)
,(476, 7, 44, 1, 2, 4)
,(477, 26, 44, 5, 4, 5)
,(478, 27, 44, 1, 3, 1)
,(479, 35, 44, 2, 1, 4)
,(480, 37, 44, 4, 3, 3)
,(481, 49, 44, 5, 5, 2)
,(482, 41, 44, 1, 2, 4)
,(483, 11, 44, 4, 1, 2)
,(484, 12, 44, 1, 2, 5)
,(485, 6, 44, 4, 4, 2)
,(486, 21, 45, 3, 2, 4)
,(487, 30, 45, 5, 2, 3)
,(488, 20, 45, 5, 2, 2)
,(489, 11, 45, 4, 3, 4)
,(490, 40, 45, 5, 5, 2)
,(491, 29, 45, 1, 2, 2)
,(492, 7, 45, 4, 2, 2)
,(493, 14, 45, 1, 5, 4)
,(494, 15, 45, 2, 2, 2)
,(495, 60, 45, 5, 4, 5)
,(496, 44, 46, 4, 1, 2)
,(497, 6, 46, 2, 1, 3)
,(498, 16, 46, 1, 1, 4)
,(499, 48, 46, 2, 5, 3)
,(500, 29, 46, 4, 1, 5)
,(501, 2, 46, 4, 3, 5)
,(502, 41, 46, 5, 1, 5)
,(503, 35, 46, 1, 5, 3)
,(504, 5, 46, 3, 3, 2)
,(505, 25, 46, 4, 5, 3)
,(506, 3, 47, 4, 2, 4)
,(507, 49, 47, 1, 4, 2)
,(508, 34, 47, 4, 1, 5)
,(509, 4, 47, 3, 4, 5)
,(510, 11, 47, 5, 3, 4)
,(511, 18, 47, 1, 1, 5)
,(512, 44, 47, 2, 5, 2)
,(513, 14, 47, 1, 3, 2)
,(514, 53, 47, 3, 5, 5)
,(515, 55, 47, 4, 4, 3)
,(516, 12, 48, 1, 5, 4)
,(517, 31, 48, 3, 3, 1)
,(518, 23, 48, 4, 4, 5)
,(519, 9, 48, 3, 3, 4)
,(520, 57, 48, 1, 3, 2)
,(521, 10, 48, 1, 5, 4)
,(522, 2, 48, 1, 1, 5)
,(523, 48, 48, 5, 4, 1)
,(524, 1, 48, 4, 5, 2)
,(525, 60, 48, 5, 5, 1)
,(526, 21, 49, 3, 4, 4)
,(527, 30, 49, 1, 2, 4)
,(528, 41, 49, 2, 4, 2)
,(529, 43, 49, 1, 4, 1)
,(530, 37, 49, 1, 4, 3)
,(531, 18, 49, 5, 4, 3)
,(532, 44, 49, 1, 1, 1)
,(533, 32, 49, 4, 4, 3)
,(534, 20, 49, 2, 5, 5)
,(535, 45, 49, 1, 2, 1)
,(536, 21, 50, 1, 1, 5)
,(537, 17, 50, 5, 3, 1)
,(538, 60, 50, 1, 4, 2)
,(539, 55, 50, 5, 4, 3)
,(540, 24, 50, 4, 4, 4)
,(541, 2, 50, 1, 4, 1)
,(542, 15, 50, 5, 4, 1)
,(543, 23, 50, 3, 5, 3)
,(544, 51, 50, 2, 5, 5)
,(545, 43, 50, 2, 2, 2);